id,previousLegId,legId,startTerminal,endTerminal,kgCO2e,departure,arrival,containerType,freightType,costs,contractor
11,,10,DEHAM-ST,DEMUC-RT,13,2024-01-01T10:00:00,2024-01-03T10:00:00,22G1,GENERAL,650,European Rail Company
12,,10,DEHAM-ST,DEMUC-RT,13,2024-01-01T10:00:00,2024-01-03T10:00:00,22G1,DANGEROUS,850,European Rail Company
13,,10,DEHAM-ST,DEMUC-RT,13,2024-01-01T10:00:00,2024-01-03T10:00:00,42R1,GENERAL,750,European Rail Company
14,,10,DEHAM-ST,DEMUC-RT,13,2024-01-01T10:00:00,2024-01-03T10:00:00,42R1,DANGEROUS,950,European Rail Company
15,,10,DEHAM-ST,DEMUC-RT,13,2024-01-01T10:00:00,2024-01-03T10:00:00,42P1,OUT_OF_GAUGE,1650,European Rail Company
21,,20,DEMUC-RT,DEHAM-ST,13,2024-01-01T10:00:00,2024-01-03T10:00:00,22G1,GENERAL,650,European Rail Company
22,,20,DEMUC-RT,DEHAM-ST,13,2024-01-01T10:00:00,2024-01-03T10:00:00,22G1,DANGEROUS,850,European Rail Company
23,,20,DEMUC-RT,DEHAM-ST,13,2024-01-01T10:00:00,2024-01-03T10:00:00,42R1,GENERAL,750,European Rail Company
24,,20,DEMUC-RT,DEHAM-ST,13,2024-01-01T10:00:00,2024-01-03T10:00:00,42R1,DANGEROUS,950,European Rail Company
25,,20,DEMUC-RT,DEHAM-ST,13,2024-01-01T10:00:00,2024-01-03T10:00:00,42P1,OUT_OF_GAUGE,1650,European Rail Company
31,,30,DEHAM-ST,DEMUC-RT,13,2024-01-03T10:00:00,2024-01-05T10:00:00,22G1,GENERAL,650,European Rail Company
32,,30,DEHAM-ST,DEMUC-RT,13,2024-01-03T10:00:00,2024-01-05T10:00:00,22G1,DANGEROUS,850,European Rail Company
33,,30,DEHAM-ST,DEMUC-RT,13,2024-01-03T10:00:00,2024-01-05T10:00:00,42R1,GENERAL,750,European Rail Company
34,,30,DEHAM-ST,DEMUC-RT,13,2024-01-03T10:00:00,2024-01-05T10:00:00,42R1,DANGEROUS,950,European Rail Company
35,,30,DEHAM-ST,DEMUC-RT,13,2024-01-03T10:00:00,2024-01-05T10:00:00,42P1,OUT_OF_GAUGE,1650,European Rail Company
41,,40,DEMUC-RT,DEHAM-ST,13,2024-01-03T10:00:00,2024-01-05T10:00:00,22G1,GENERAL,650,European Rail Company
42,,40,DEMUC-RT,DEHAM-ST,13,2024-01-03T10:00:00,2024-01-05T10:00:00,22G1,DANGEROUS,850,European Rail Company
43,,40,DEMUC-RT,DEHAM-ST,13,2024-01-03T10:00:00,2024-01-05T10:00:00,42R1,GENERAL,750,European Rail Company
44,,40,DEMUC-RT,DEHAM-ST,13,2024-01-03T10:00:00,2024-01-05T10:00:00,42R1,DANGEROUS,950,European Rail Company
45,,40,DEMUC-RT,DEHAM-ST,13,2024-01-03T10:00:00,2024-01-05T10:00:00,42P1,OUT_OF_GAUGE,1650,European Rail Company
51,,50,DEHAM-ST,DEMUC-RT,13,2024-01-08T10:00:00,2024-01-10T10:00:00,22G1,GENERAL,650,European Rail Company
52,,50,DEHAM-ST,DEMUC-RT,13,2024-01-08T10:00:00,2024-01-10T10:00:00,22G1,DANGEROUS,850,European Rail Company
53,,50,DEHAM-ST,DEMUC-RT,13,2024-01-08T10:00:00,2024-01-10T10:00:00,42R1,GENERAL,750,European Rail Company
54,,50,DEHAM-ST,DEMUC-RT,13,2024-01-08T10:00:00,2024-01-10T10:00:00,42R1,DANGEROUS,950,European Rail Company
55,,50,DEHAM-ST,DEMUC-RT,13,2024-01-08T10:00:00,2024-01-10T10:00:00,42P1,OUT_OF_GAUGE,1650,European Rail Company
61,,60,DEMUC-RT,DEHAM-ST,13,2024-01-08T10:00:00,2024-01-10T10:00:00,22G1,GENERAL,650,European Rail Company
62,,60,DEMUC-RT,DEHAM-ST,13,2024-01-08T10:00:00,2024-01-10T10:00:00,22G1,DANGEROUS,850,European Rail Company
63,,60,DEMUC-RT,DEHAM-ST,13,2024-01-08T10:00:00,2024-01-10T10:00:00,42R1,GENERAL,750,European Rail Company
64,,60,DEMUC-RT,DEHAM-ST,13,2024-01-08T10:00:00,2024-01-10T10:00:00,42R1,DANGEROUS,950,European Rail Company
65,,60,DEMUC-RT,DEHAM-ST,13,2024-01-08T10:00:00,2024-01-10T10:00:00,42P1,OUT_OF_GAUGE,1650,European Rail Company
71,,70,DEHAM-ST,DEMUC-RT,13,2024-01-10T10:00:00,2024-01-12T10:00:00,22G1,GENERAL,650,European Rail Company
72,,70,DEHAM-ST,DEMUC-RT,13,2024-01-10T10:00:00,2024-01-12T10:00:00,22G1,DANGEROUS,850,European Rail Company
73,,70,DEHAM-ST,DEMUC-RT,13,2024-01-10T10:00:00,2024-01-12T10:00:00,42R1,GENERAL,750,European Rail Company
74,,70,DEHAM-ST,DEMUC-RT,13,2024-01-10T10:00:00,2024-01-12T10:00:00,42R1,DANGEROUS,950,European Rail Company
75,,70,DEHAM-ST,DEMUC-RT,13,2024-01-10T10:00:00,2024-01-12T10:00:00,42P1,OUT_OF_GAUGE,1650,European Rail Company
81,,80,DEMUC-RT,DEHAM-ST,13,2024-01-10T10:00:00,2024-01-12T10:00:00,22G1,GENERAL,650,European Rail Company
82,,80,DEMUC-RT,DEHAM-ST,13,2024-01-10T10:00:00,2024-01-12T10:00:00,22G1,DANGEROUS,850,European Rail Company
83,,80,DEMUC-RT,DEHAM-ST,13,2024-01-10T10:00:00,2024-01-12T10:00:00,42R1,GENERAL,750,European Rail Company
84,,80,DEMUC-RT,DEHAM-ST,13,2024-01-10T10:00:00,2024-01-12T10:00:00,42R1,DANGEROUS,950,European Rail Company
85,,80,DEMUC-RT,DEHAM-ST,13,2024-01-10T10:00:00,2024-01-12T10:00:00,42P1,OUT_OF_GAUGE,1650,European Rail Company
91,,90,DEHAM-ST,DEMUC-RT,13,2024-01-15T10:00:00,2024-01-17T10:00:00,22G1,GENERAL,650,European Rail Company
92,,90,DEHAM-ST,DEMUC-RT,13,2024-01-15T10:00:00,2024-01-17T10:00:00,22G1,DANGEROUS,850,European Rail Company
93,,90,DEHAM-ST,DEMUC-RT,13,2024-01-15T10:00:00,2024-01-17T10:00:00,42R1,GENERAL,750,European Rail Company
94,,90,DEHAM-ST,DEMUC-RT,13,2024-01-15T10:00:00,2024-01-17T10:00:00,42R1,DANGEROUS,950,European Rail Company
95,,90,DEHAM-ST,DEMUC-RT,13,2024-01-15T10:00:00,2024-01-17T10:00:00,42P1,OUT_OF_GAUGE,1650,European Rail Company
101,,100,DEMUC-RT,DEHAM-ST,13,2024-01-15T10:00:00,2024-01-17T10:00:00,22G1,GENERAL,650,European Rail Company
102,,100,DEMUC-RT,DEHAM-ST,13,2024-01-15T10:00:00,2024-01-17T10:00:00,22G1,DANGEROUS,850,European Rail Company
103,,100,DEMUC-RT,DEHAM-ST,13,2024-01-15T10:00:00,2024-01-17T10:00:00,42R1,GENERAL,750,European Rail Company
104,,100,DEMUC-RT,DEHAM-ST,13,2024-01-15T10:00:00,2024-01-17T10:00:00,42R1,DANGEROUS,950,European Rail Company
105,,100,DEMUC-RT,DEHAM-ST,13,2024-01-15T10:00:00,2024-01-17T10:00:00,42P1,OUT_OF_GAUGE,1650,European Rail Company
111,,110,DEHAM-ST,DEMUC-RT,13,2024-01-17T10:00:00,2024-01-19T10:00:00,22G1,GENERAL,650,European Rail Company
112,,110,DEHAM-ST,DEMUC-RT,13,2024-01-17T10:00:00,2024-01-19T10:00:00,22G1,DANGEROUS,850,European Rail Company
113,,110,DEHAM-ST,DEMUC-RT,13,2024-01-17T10:00:00,2024-01-19T10:00:00,42R1,GENERAL,750,European Rail Company
114,,110,DEHAM-ST,DEMUC-RT,13,2024-01-17T10:00:00,2024-01-19T10:00:00,42R1,DANGEROUS,950,European Rail Company
115,,110,DEHAM-ST,DEMUC-RT,13,2024-01-17T10:00:00,2024-01-19T10:00:00,42P1,OUT_OF_GAUGE,1650,European Rail Company
121,,120,DEMUC-RT,DEHAM-ST,13,2024-01-17T10:00:00,2024-01-19T10:00:00,22G1,GENERAL,650,European Rail Company
122,,120,DEMUC-RT,DEHAM-ST,13,2024-01-17T10:00:00,2024-01-19T10:00:00,22G1,DANGEROUS,850,European Rail Company
123,,120,DEMUC-RT,DEHAM-ST,13,2024-01-17T10:00:00,2024-01-19T10:00:00,42R1,GENERAL,750,European Rail Company
124,,120,DEMUC-RT,DEHAM-ST,13,2024-01-17T10:00:00,2024-01-19T10:00:00,42R1,DANGEROUS,950,European Rail Company
125,,120,DEMUC-RT,DEHAM-ST,13,2024-01-17T10:00:00,2024-01-19T10:00:00,42P1,OUT_OF_GAUGE,1650,European Rail Company
131,,130,DEHAM-ST,DEMUC-RT,13,2024-01-22T10:00:00,2024-01-24T10:00:00,22G1,GENERAL,650,European Rail Company
132,,130,DEHAM-ST,DEMUC-RT,13,2024-01-22T10:00:00,2024-01-24T10:00:00,22G1,DANGEROUS,850,European Rail Company
133,,130,DEHAM-ST,DEMUC-RT,13,2024-01-22T10:00:00,2024-01-24T10:00:00,42R1,GENERAL,750,European Rail Company
134,,130,DEHAM-ST,DEMUC-RT,13,2024-01-22T10:00:00,2024-01-24T10:00:00,42R1,DANGEROUS,950,European Rail Company
135,,130,DEHAM-ST,DEMUC-RT,13,2024-01-22T10:00:00,2024-01-24T10:00:00,42P1,OUT_OF_GAUGE,1650,European Rail Company
141,,140,DEMUC-RT,DEHAM-ST,13,2024-01-22T10:00:00,2024-01-24T10:00:00,22G1,GENERAL,650,European Rail Company
142,,140,DEMUC-RT,DEHAM-ST,13,2024-01-22T10:00:00,2024-01-24T10:00:00,22G1,DANGEROUS,850,European Rail Company
143,,140,DEMUC-RT,DEHAM-ST,13,2024-01-22T10:00:00,2024-01-24T10:00:00,42R1,GENERAL,750,European Rail Company
144,,140,DEMUC-RT,DEHAM-ST,13,2024-01-22T10:00:00,2024-01-24T10:00:00,42R1,DANGEROUS,950,European Rail Company
145,,140,DEMUC-RT,DEHAM-ST,13,2024-01-22T10:00:00,2024-01-24T10:00:00,42P1,OUT_OF_GAUGE,1650,European Rail Company
151,,150,DEHAM-ST,DEMUC-RT,13,2024-01-24T10:00:00,2024-01-26T10:00:00,22G1,GENERAL,650,European Rail Company
152,,150,DEHAM-ST,DEMUC-RT,13,2024-01-24T10:00:00,2024-01-26T10:00:00,22G1,DANGEROUS,850,European Rail Company
153,,150,DEHAM-ST,DEMUC-RT,13,2024-01-24T10:00:00,2024-01-26T10:00:00,42R1,GENERAL,750,European Rail Company
154,,150,DEHAM-ST,DEMUC-RT,13,2024-01-24T10:00:00,2024-01-26T10:00:00,42R1,DANGEROUS,950,European Rail Company
155,,150,DEHAM-ST,DEMUC-RT,13,2024-01-24T10:00:00,2024-01-26T10:00:00,42P1,OUT_OF_GAUGE,1650,European Rail Company
161,,160,DEMUC-RT,DEHAM-ST,13,2024-01-24T10:00:00,2024-01-26T10:00:00,22G1,GENERAL,650,European Rail Company
162,,160,DEMUC-RT,DEHAM-ST,13,2024-01-24T10:00:00,2024-01-26T10:00:00,22G1,DANGEROUS,850,European Rail Company
163,,160,DEMUC-RT,DEHAM-ST,13,2024-01-24T10:00:00,2024-01-26T10:00:00,42R1,GENERAL,750,European Rail Company
164,,160,DEMUC-RT,DEHAM-ST,13,2024-01-24T10:00:00,2024-01-26T10:00:00,42R1,DANGEROUS,950,European Rail Company
165,,160,DEMUC-RT,DEHAM-ST,13,2024-01-24T10:00:00,2024-01-26T10:00:00,42P1,OUT_OF_GAUGE,1650,European Rail Company
171,,170,DEHAM-ST,DEMUC-RT,13,2024-01-29T10:00:00,2024-01-31T10:00:00,22G1,GENERAL,650,European Rail Company
172,,170,DEHAM-ST,DEMUC-RT,13,2024-01-29T10:00:00,2024-01-31T10:00:00,22G1,DANGEROUS,850,European Rail Company
173,,170,DEHAM-ST,DEMUC-RT,13,2024-01-29T10:00:00,2024-01-31T10:00:00,42R1,GENERAL,750,European Rail Company
174,,170,DEHAM-ST,DEMUC-RT,13,2024-01-29T10:00:00,2024-01-31T10:00:00,42R1,DANGEROUS,950,European Rail Company
175,,170,DEHAM-ST,DEMUC-RT,13,2024-01-29T10:00:00,2024-01-31T10:00:00,42P1,OUT_OF_GAUGE,1650,European Rail Company
181,,180,DEMUC-RT,DEHAM-ST,13,2024-01-29T10:00:00,2024-01-31T10:00:00,22G1,GENERAL,650,European Rail Company
182,,180,DEMUC-RT,DEHAM-ST,13,2024-01-29T10:00:00,2024-01-31T10:00:00,22G1,DANGEROUS,850,European Rail Company
183,,180,DEMUC-RT,DEHAM-ST,13,2024-01-29T10:00:00,2024-01-31T10:00:00,42R1,GENERAL,750,European Rail Company
184,,180,DEMUC-RT,DEHAM-ST,13,2024-01-29T10:00:00,2024-01-31T10:00:00,42R1,DANGEROUS,950,European Rail Company
185,,180,DEMUC-RT,DEHAM-ST,13,2024-01-29T10:00:00,2024-01-31T10:00:00,42P1,OUT_OF_GAUGE,1650,European Rail Company
191,,190,DEHAM-ST,DEMUC-RT,13,2024-01-31T10:00:00,2024-02-02T10:00:00,22G1,GENERAL,650,European Rail Company
192,,190,DEHAM-ST,DEMUC-RT,13,2024-01-31T10:00:00,2024-02-02T10:00:00,22G1,DANGEROUS,850,European Rail Company
193,,190,DEHAM-ST,DEMUC-RT,13,2024-01-31T10:00:00,2024-02-02T10:00:00,42R1,GENERAL,750,European Rail Company
194,,190,DEHAM-ST,DEMUC-RT,13,2024-01-31T10:00:00,2024-02-02T10:00:00,42R1,DANGEROUS,950,European Rail Company
195,,190,DEHAM-ST,DEMUC-RT,13,2024-01-31T10:00:00,2024-02-02T10:00:00,42P1,OUT_OF_GAUGE,1650,European Rail Company
201,,200,DEMUC-RT,DEHAM-ST,13,2024-01-31T10:00:00,2024-02-02T10:00:00,22G1,GENERAL,650,European Rail Company
202,,200,DEMUC-RT,DEHAM-ST,13,2024-01-31T10:00:00,2024-02-02T10:00:00,22G1,DANGEROUS,850,European Rail Company
203,,200,DEMUC-RT,DEHAM-ST,13,2024-01-31T10:00:00,2024-02-02T10:00:00,42R1,GENERAL,750,European Rail Company
204,,200,DEMUC-RT,DEHAM-ST,13,2024-01-31T10:00:00,2024-02-02T10:00:00,42R1,DANGEROUS,950,European Rail Company
205,,200,DEMUC-RT,DEHAM-ST,13,2024-01-31T10:00:00,2024-02-02T10:00:00,42P1,OUT_OF_GAUGE,1650,European Rail Company
211,,210,DEHAM-ST,DEMUC-RT,13,2024-02-05T10:00:00,2024-02-07T10:00:00,22G1,GENERAL,650,European Rail Company
212,,210,DEHAM-ST,DEMUC-RT,13,2024-02-05T10:00:00,2024-02-07T10:00:00,22G1,DANGEROUS,850,European Rail Company
213,,210,DEHAM-ST,DEMUC-RT,13,2024-02-05T10:00:00,2024-02-07T10:00:00,42R1,GENERAL,750,European Rail Company
214,,210,DEHAM-ST,DEMUC-RT,13,2024-02-05T10:00:00,2024-02-07T10:00:00,42R1,DANGEROUS,950,European Rail Company
215,,210,DEHAM-ST,DEMUC-RT,13,2024-02-05T10:00:00,2024-02-07T10:00:00,42P1,OUT_OF_GAUGE,1650,European Rail Company
221,,220,DEMUC-RT,DEHAM-ST,13,2024-02-05T10:00:00,2024-02-07T10:00:00,22G1,GENERAL,650,European Rail Company
222,,220,DEMUC-RT,DEHAM-ST,13,2024-02-05T10:00:00,2024-02-07T10:00:00,22G1,DANGEROUS,850,European Rail Company
223,,220,DEMUC-RT,DEHAM-ST,13,2024-02-05T10:00:00,2024-02-07T10:00:00,42R1,GENERAL,750,European Rail Company
224,,220,DEMUC-RT,DEHAM-ST,13,2024-02-05T10:00:00,2024-02-07T10:00:00,42R1,DANGEROUS,950,European Rail Company
225,,220,DEMUC-RT,DEHAM-ST,13,2024-02-05T10:00:00,2024-02-07T10:00:00,42P1,OUT_OF_GAUGE,1650,European Rail Company
231,,230,DEHAM-ST,DEMUC-RT,13,2024-02-07T10:00:00,2024-02-09T10:00:00,22G1,GENERAL,650,European Rail Company
232,,230,DEHAM-ST,DEMUC-RT,13,2024-02-07T10:00:00,2024-02-09T10:00:00,22G1,DANGEROUS,850,European Rail Company
233,,230,DEHAM-ST,DEMUC-RT,13,2024-02-07T10:00:00,2024-02-09T10:00:00,42R1,GENERAL,750,European Rail Company
234,,230,DEHAM-ST,DEMUC-RT,13,2024-02-07T10:00:00,2024-02-09T10:00:00,42R1,DANGEROUS,950,European Rail Company
235,,230,DEHAM-ST,DEMUC-RT,13,2024-02-07T10:00:00,2024-02-09T10:00:00,42P1,OUT_OF_GAUGE,1650,European Rail Company
241,,240,DEMUC-RT,DEHAM-ST,13,2024-02-07T10:00:00,2024-02-09T10:00:00,22G1,GENERAL,650,European Rail Company
242,,240,DEMUC-RT,DEHAM-ST,13,2024-02-07T10:00:00,2024-02-09T10:00:00,22G1,DANGEROUS,850,European Rail Company
243,,240,DEMUC-RT,DEHAM-ST,13,2024-02-07T10:00:00,2024-02-09T10:00:00,42R1,GENERAL,750,European Rail Company
244,,240,DEMUC-RT,DEHAM-ST,13,2024-02-07T10:00:00,2024-02-09T10:00:00,42R1,DANGEROUS,950,European Rail Company
245,,240,DEMUC-RT,DEHAM-ST,13,2024-02-07T10:00:00,2024-02-09T10:00:00,42P1,OUT_OF_GAUGE,1650,European Rail Company
251,,250,DEHAM-ST,DEMUC-RT,13,2024-02-12T10:00:00,2024-02-14T10:00:00,22G1,GENERAL,650,European Rail Company
252,,250,DEHAM-ST,DEMUC-RT,13,2024-02-12T10:00:00,2024-02-14T10:00:00,22G1,DANGEROUS,850,European Rail Company
253,,250,DEHAM-ST,DEMUC-RT,13,2024-02-12T10:00:00,2024-02-14T10:00:00,42R1,GENERAL,750,European Rail Company
254,,250,DEHAM-ST,DEMUC-RT,13,2024-02-12T10:00:00,2024-02-14T10:00:00,42R1,DANGEROUS,950,European Rail Company
255,,250,DEHAM-ST,DEMUC-RT,13,2024-02-12T10:00:00,2024-02-14T10:00:00,42P1,OUT_OF_GAUGE,1650,European Rail Company
261,,260,DEMUC-RT,DEHAM-ST,13,2024-02-12T10:00:00,2024-02-14T10:00:00,22G1,GENERAL,650,European Rail Company
262,,260,DEMUC-RT,DEHAM-ST,13,2024-02-12T10:00:00,2024-02-14T10:00:00,22G1,DANGEROUS,850,European Rail Company
263,,260,DEMUC-RT,DEHAM-ST,13,2024-02-12T10:00:00,2024-02-14T10:00:00,42R1,GENERAL,750,European Rail Company
264,,260,DEMUC-RT,DEHAM-ST,13,2024-02-12T10:00:00,2024-02-14T10:00:00,42R1,DANGEROUS,950,European Rail Company
265,,260,DEMUC-RT,DEHAM-ST,13,2024-02-12T10:00:00,2024-02-14T10:00:00,42P1,OUT_OF_GAUGE,1650,European Rail Company
271,,270,DEHAM-ST,DEMUC-RT,13,2024-02-14T10:00:00,2024-02-16T10:00:00,22G1,GENERAL,650,European Rail Company
272,,270,DEHAM-ST,DEMUC-RT,13,2024-02-14T10:00:00,2024-02-16T10:00:00,22G1,DANGEROUS,850,European Rail Company
273,,270,DEHAM-ST,DEMUC-RT,13,2024-02-14T10:00:00,2024-02-16T10:00:00,42R1,GENERAL,750,European Rail Company
274,,270,DEHAM-ST,DEMUC-RT,13,2024-02-14T10:00:00,2024-02-16T10:00:00,42R1,DANGEROUS,950,European Rail Company
275,,270,DEHAM-ST,DEMUC-RT,13,2024-02-14T10:00:00,2024-02-16T10:00:00,42P1,OUT_OF_GAUGE,1650,European Rail Company
281,,280,DEMUC-RT,DEHAM-ST,13,2024-02-14T10:00:00,2024-02-16T10:00:00,22G1,GENERAL,650,European Rail Company
282,,280,DEMUC-RT,DEHAM-ST,13,2024-02-14T10:00:00,2024-02-16T10:00:00,22G1,DANGEROUS,850,European Rail Company
283,,280,DEMUC-RT,DEHAM-ST,13,2024-02-14T10:00:00,2024-02-16T10:00:00,42R1,GENERAL,750,European Rail Company
284,,280,DEMUC-RT,DEHAM-ST,13,2024-02-14T10:00:00,2024-02-16T10:00:00,42R1,DANGEROUS,950,European Rail Company
285,,280,DEMUC-RT,DEHAM-ST,13,2024-02-14T10:00:00,2024-02-16T10:00:00,42P1,OUT_OF_GAUGE,1650,European Rail Company
291,,290,DEHAM-ST,DEMUC-RT,13,2024-02-19T10:00:00,2024-02-21T10:00:00,22G1,GENERAL,650,European Rail Company
292,,290,DEHAM-ST,DEMUC-RT,13,2024-02-19T10:00:00,2024-02-21T10:00:00,22G1,DANGEROUS,850,European Rail Company
293,,290,DEHAM-ST,DEMUC-RT,13,2024-02-19T10:00:00,2024-02-21T10:00:00,42R1,GENERAL,750,European Rail Company
294,,290,DEHAM-ST,DEMUC-RT,13,2024-02-19T10:00:00,2024-02-21T10:00:00,42R1,DANGEROUS,950,European Rail Company
295,,290,DEHAM-ST,DEMUC-RT,13,2024-02-19T10:00:00,2024-02-21T10:00:00,42P1,OUT_OF_GAUGE,1650,European Rail Company
301,,300,DEMUC-RT,DEHAM-ST,13,2024-02-19T10:00:00,2024-02-21T10:00:00,22G1,GENERAL,650,European Rail Company
302,,300,DEMUC-RT,DEHAM-ST,13,2024-02-19T10:00:00,2024-02-21T10:00:00,22G1,DANGEROUS,850,European Rail Company
303,,300,DEMUC-RT,DEHAM-ST,13,2024-02-19T10:00:00,2024-02-21T10:00:00,42R1,GENERAL,750,European Rail Company
304,,300,DEMUC-RT,DEHAM-ST,13,2024-02-19T10:00:00,2024-02-21T10:00:00,42R1,DANGEROUS,950,European Rail Company
305,,300,DEMUC-RT,DEHAM-ST,13,2024-02-19T10:00:00,2024-02-21T10:00:00,42P1,OUT_OF_GAUGE,1650,European Rail Company
311,,310,DEHAM-ST,DEMUC-RT,13,2024-02-21T10:00:00,2024-02-23T10:00:00,22G1,GENERAL,650,European Rail Company
312,,310,DEHAM-ST,DEMUC-RT,13,2024-02-21T10:00:00,2024-02-23T10:00:00,22G1,DANGEROUS,850,European Rail Company
313,,310,DEHAM-ST,DEMUC-RT,13,2024-02-21T10:00:00,2024-02-23T10:00:00,42R1,GENERAL,750,European Rail Company
314,,310,DEHAM-ST,DEMUC-RT,13,2024-02-21T10:00:00,2024-02-23T10:00:00,42R1,DANGEROUS,950,European Rail Company
315,,310,DEHAM-ST,DEMUC-RT,13,2024-02-21T10:00:00,2024-02-23T10:00:00,42P1,OUT_OF_GAUGE,1650,European Rail Company
321,,320,DEMUC-RT,DEHAM-ST,13,2024-02-21T10:00:00,2024-02-23T10:00:00,22G1,GENERAL,650,European Rail Company
322,,320,DEMUC-RT,DEHAM-ST,13,2024-02-21T10:00:00,2024-02-23T10:00:00,22G1,DANGEROUS,850,European Rail Company
323,,320,DEMUC-RT,DEHAM-ST,13,2024-02-21T10:00:00,2024-02-23T10:00:00,42R1,GENERAL,750,European Rail Company
324,,320,DEMUC-RT,DEHAM-ST,13,2024-02-21T10:00:00,2024-02-23T10:00:00,42R1,DANGEROUS,950,European Rail Company
325,,320,DEMUC-RT,DEHAM-ST,13,2024-02-21T10:00:00,2024-02-23T10:00:00,42P1,OUT_OF_GAUGE,1650,European Rail Company
331,,330,DEHAM-ST,DEMUC-RT,13,2024-02-26T10:00:00,2024-02-28T10:00:00,22G1,GENERAL,650,European Rail Company
332,,330,DEHAM-ST,DEMUC-RT,13,2024-02-26T10:00:00,2024-02-28T10:00:00,22G1,DANGEROUS,850,European Rail Company
333,,330,DEHAM-ST,DEMUC-RT,13,2024-02-26T10:00:00,2024-02-28T10:00:00,42R1,GENERAL,750,European Rail Company
334,,330,DEHAM-ST,DEMUC-RT,13,2024-02-26T10:00:00,2024-02-28T10:00:00,42R1,DANGEROUS,950,European Rail Company
335,,330,DEHAM-ST,DEMUC-RT,13,2024-02-26T10:00:00,2024-02-28T10:00:00,42P1,OUT_OF_GAUGE,1650,European Rail Company
341,,340,DEMUC-RT,DEHAM-ST,13,2024-02-26T10:00:00,2024-02-28T10:00:00,22G1,GENERAL,650,European Rail Company
342,,340,DEMUC-RT,DEHAM-ST,13,2024-02-26T10:00:00,2024-02-28T10:00:00,22G1,DANGEROUS,850,European Rail Company
343,,340,DEMUC-RT,DEHAM-ST,13,2024-02-26T10:00:00,2024-02-28T10:00:00,42R1,GENERAL,750,European Rail Company
344,,340,DEMUC-RT,DEHAM-ST,13,2024-02-26T10:00:00,2024-02-28T10:00:00,42R1,DANGEROUS,950,European Rail Company
345,,340,DEMUC-RT,DEHAM-ST,13,2024-02-26T10:00:00,2024-02-28T10:00:00,42P1,OUT_OF_GAUGE,1650,European Rail Company
351,,350,DEHAM-ST,DEMUC-RT,13,2024-02-28T10:00:00,2024-03-01T10:00:00,22G1,GENERAL,650,European Rail Company
352,,350,DEHAM-ST,DEMUC-RT,13,2024-02-28T10:00:00,2024-03-01T10:00:00,22G1,DANGEROUS,850,European Rail Company
353,,350,DEHAM-ST,DEMUC-RT,13,2024-02-28T10:00:00,2024-03-01T10:00:00,42R1,GENERAL,750,European Rail Company
354,,350,DEHAM-ST,DEMUC-RT,13,2024-02-28T10:00:00,2024-03-01T10:00:00,42R1,DANGEROUS,950,European Rail Company
355,,350,DEHAM-ST,DEMUC-RT,13,2024-02-28T10:00:00,2024-03-01T10:00:00,42P1,OUT_OF_GAUGE,1650,European Rail Company
361,,360,DEMUC-RT,DEHAM-ST,13,2024-02-28T10:00:00,2024-03-01T10:00:00,22G1,GENERAL,650,European Rail Company
362,,360,DEMUC-RT,DEHAM-ST,13,2024-02-28T10:00:00,2024-03-01T10:00:00,22G1,DANGEROUS,850,European Rail Company
363,,360,DEMUC-RT,DEHAM-ST,13,2024-02-28T10:00:00,2024-03-01T10:00:00,42R1,GENERAL,750,European Rail Company
364,,360,DEMUC-RT,DEHAM-ST,13,2024-02-28T10:00:00,2024-03-01T10:00:00,42R1,DANGEROUS,950,European Rail Company
365,,360,DEMUC-RT,DEHAM-ST,13,2024-02-28T10:00:00,2024-03-01T10:00:00,42P1,OUT_OF_GAUGE,1650,European Rail Company
371,,370,DEHAM-ST,DEMUC-RT,13,2024-03-04T10:00:00,2024-03-06T10:00:00,22G1,GENERAL,650,European Rail Company
372,,370,DEHAM-ST,DEMUC-RT,13,2024-03-04T10:00:00,2024-03-06T10:00:00,22G1,DANGEROUS,850,European Rail Company
373,,370,DEHAM-ST,DEMUC-RT,13,2024-03-04T10:00:00,2024-03-06T10:00:00,42R1,GENERAL,750,European Rail Company
374,,370,DEHAM-ST,DEMUC-RT,13,2024-03-04T10:00:00,2024-03-06T10:00:00,42R1,DANGEROUS,950,European Rail Company
375,,370,DEHAM-ST,DEMUC-RT,13,2024-03-04T10:00:00,2024-03-06T10:00:00,42P1,OUT_OF_GAUGE,1650,European Rail Company
381,,380,DEMUC-RT,DEHAM-ST,13,2024-03-04T10:00:00,2024-03-06T10:00:00,22G1,GENERAL,650,European Rail Company
382,,380,DEMUC-RT,DEHAM-ST,13,2024-03-04T10:00:00,2024-03-06T10:00:00,22G1,DANGEROUS,850,European Rail Company
383,,380,DEMUC-RT,DEHAM-ST,13,2024-03-04T10:00:00,2024-03-06T10:00:00,42R1,GENERAL,750,European Rail Company
384,,380,DEMUC-RT,DEHAM-ST,13,2024-03-04T10:00:00,2024-03-06T10:00:00,42R1,DANGEROUS,950,European Rail Company
385,,380,DEMUC-RT,DEHAM-ST,13,2024-03-04T10:00:00,2024-03-06T10:00:00,42P1,OUT_OF_GAUGE,1650,European Rail Company
391,,390,DEHAM-ST,DEMUC-RT,13,2024-03-06T10:00:00,2024-03-08T10:00:00,22G1,GENERAL,650,European Rail Company
392,,390,DEHAM-ST,DEMUC-RT,13,2024-03-06T10:00:00,2024-03-08T10:00:00,22G1,DANGEROUS,850,European Rail Company
393,,390,DEHAM-ST,DEMUC-RT,13,2024-03-06T10:00:00,2024-03-08T10:00:00,42R1,GENERAL,750,European Rail Company
394,,390,DEHAM-ST,DEMUC-RT,13,2024-03-06T10:00:00,2024-03-08T10:00:00,42R1,DANGEROUS,950,European Rail Company
395,,390,DEHAM-ST,DEMUC-RT,13,2024-03-06T10:00:00,2024-03-08T10:00:00,42P1,OUT_OF_GAUGE,1650,European Rail Company
401,,400,DEMUC-RT,DEHAM-ST,13,2024-03-06T10:00:00,2024-03-08T10:00:00,22G1,GENERAL,650,European Rail Company
402,,400,DEMUC-RT,DEHAM-ST,13,2024-03-06T10:00:00,2024-03-08T10:00:00,22G1,DANGEROUS,850,European Rail Company
403,,400,DEMUC-RT,DEHAM-ST,13,2024-03-06T10:00:00,2024-03-08T10:00:00,42R1,GENERAL,750,European Rail Company
404,,400,DEMUC-RT,DEHAM-ST,13,2024-03-06T10:00:00,2024-03-08T10:00:00,42R1,DANGEROUS,950,European Rail Company
405,,400,DEMUC-RT,DEHAM-ST,13,2024-03-06T10:00:00,2024-03-08T10:00:00,42P1,OUT_OF_GAUGE,1650,European Rail Company
411,,410,DEHAM-ST,DEMUC-RT,13,2024-03-11T10:00:00,2024-03-13T10:00:00,22G1,GENERAL,650,European Rail Company
412,,410,DEHAM-ST,DEMUC-RT,13,2024-03-11T10:00:00,2024-03-13T10:00:00,22G1,DANGEROUS,850,European Rail Company
413,,410,DEHAM-ST,DEMUC-RT,13,2024-03-11T10:00:00,2024-03-13T10:00:00,42R1,GENERAL,750,European Rail Company
414,,410,DEHAM-ST,DEMUC-RT,13,2024-03-11T10:00:00,2024-03-13T10:00:00,42R1,DANGEROUS,950,European Rail Company
415,,410,DEHAM-ST,DEMUC-RT,13,2024-03-11T10:00:00,2024-03-13T10:00:00,42P1,OUT_OF_GAUGE,1650,European Rail Company
421,,420,DEMUC-RT,DEHAM-ST,13,2024-03-11T10:00:00,2024-03-13T10:00:00,22G1,GENERAL,650,European Rail Company
422,,420,DEMUC-RT,DEHAM-ST,13,2024-03-11T10:00:00,2024-03-13T10:00:00,22G1,DANGEROUS,850,European Rail Company
423,,420,DEMUC-RT,DEHAM-ST,13,2024-03-11T10:00:00,2024-03-13T10:00:00,42R1,GENERAL,750,European Rail Company
424,,420,DEMUC-RT,DEHAM-ST,13,2024-03-11T10:00:00,2024-03-13T10:00:00,42R1,DANGEROUS,950,European Rail Company
425,,420,DEMUC-RT,DEHAM-ST,13,2024-03-11T10:00:00,2024-03-13T10:00:00,42P1,OUT_OF_GAUGE,1650,European Rail Company
431,,430,DEHAM-ST,DEMUC-RT,13,2024-03-13T10:00:00,2024-03-15T10:00:00,22G1,GENERAL,650,European Rail Company
432,,430,DEHAM-ST,DEMUC-RT,13,2024-03-13T10:00:00,2024-03-15T10:00:00,22G1,DANGEROUS,850,European Rail Company
433,,430,DEHAM-ST,DEMUC-RT,13,2024-03-13T10:00:00,2024-03-15T10:00:00,42R1,GENERAL,750,European Rail Company
434,,430,DEHAM-ST,DEMUC-RT,13,2024-03-13T10:00:00,2024-03-15T10:00:00,42R1,DANGEROUS,950,European Rail Company
435,,430,DEHAM-ST,DEMUC-RT,13,2024-03-13T10:00:00,2024-03-15T10:00:00,42P1,OUT_OF_GAUGE,1650,European Rail Company
441,,440,DEMUC-RT,DEHAM-ST,13,2024-03-13T10:00:00,2024-03-15T10:00:00,22G1,GENERAL,650,European Rail Company
442,,440,DEMUC-RT,DEHAM-ST,13,2024-03-13T10:00:00,2024-03-15T10:00:00,22G1,DANGEROUS,850,European Rail Company
443,,440,DEMUC-RT,DEHAM-ST,13,2024-03-13T10:00:00,2024-03-15T10:00:00,42R1,GENERAL,750,European Rail Company
444,,440,DEMUC-RT,DEHAM-ST,13,2024-03-13T10:00:00,2024-03-15T10:00:00,42R1,DANGEROUS,950,European Rail Company
445,,440,DEMUC-RT,DEHAM-ST,13,2024-03-13T10:00:00,2024-03-15T10:00:00,42P1,OUT_OF_GAUGE,1650,European Rail Company
451,,450,DEHAM-ST,DEMUC-RT,13,2024-03-18T10:00:00,2024-03-20T10:00:00,22G1,GENERAL,650,European Rail Company
452,,450,DEHAM-ST,DEMUC-RT,13,2024-03-18T10:00:00,2024-03-20T10:00:00,22G1,DANGEROUS,850,European Rail Company
453,,450,DEHAM-ST,DEMUC-RT,13,2024-03-18T10:00:00,2024-03-20T10:00:00,42R1,GENERAL,750,European Rail Company
454,,450,DEHAM-ST,DEMUC-RT,13,2024-03-18T10:00:00,2024-03-20T10:00:00,42R1,DANGEROUS,950,European Rail Company
455,,450,DEHAM-ST,DEMUC-RT,13,2024-03-18T10:00:00,2024-03-20T10:00:00,42P1,OUT_OF_GAUGE,1650,European Rail Company
461,,460,DEMUC-RT,DEHAM-ST,13,2024-03-18T10:00:00,2024-03-20T10:00:00,22G1,GENERAL,650,European Rail Company
462,,460,DEMUC-RT,DEHAM-ST,13,2024-03-18T10:00:00,2024-03-20T10:00:00,22G1,DANGEROUS,850,European Rail Company
463,,460,DEMUC-RT,DEHAM-ST,13,2024-03-18T10:00:00,2024-03-20T10:00:00,42R1,GENERAL,750,European Rail Company
464,,460,DEMUC-RT,DEHAM-ST,13,2024-03-18T10:00:00,2024-03-20T10:00:00,42R1,DANGEROUS,950,European Rail Company
465,,460,DEMUC-RT,DEHAM-ST,13,2024-03-18T10:00:00,2024-03-20T10:00:00,42P1,OUT_OF_GAUGE,1650,European Rail Company
471,,470,DEHAM-ST,DEMUC-RT,13,2024-03-20T10:00:00,2024-03-22T10:00:00,22G1,GENERAL,650,European Rail Company
472,,470,DEHAM-ST,DEMUC-RT,13,2024-03-20T10:00:00,2024-03-22T10:00:00,22G1,DANGEROUS,850,European Rail Company
473,,470,DEHAM-ST,DEMUC-RT,13,2024-03-20T10:00:00,2024-03-22T10:00:00,42R1,GENERAL,750,European Rail Company
474,,470,DEHAM-ST,DEMUC-RT,13,2024-03-20T10:00:00,2024-03-22T10:00:00,42R1,DANGEROUS,950,European Rail Company
475,,470,DEHAM-ST,DEMUC-RT,13,2024-03-20T10:00:00,2024-03-22T10:00:00,42P1,OUT_OF_GAUGE,1650,European Rail Company
481,,480,DEMUC-RT,DEHAM-ST,13,2024-03-20T10:00:00,2024-03-22T10:00:00,22G1,GENERAL,650,European Rail Company
482,,480,DEMUC-RT,DEHAM-ST,13,2024-03-20T10:00:00,2024-03-22T10:00:00,22G1,DANGEROUS,850,European Rail Company
483,,480,DEMUC-RT,DEHAM-ST,13,2024-03-20T10:00:00,2024-03-22T10:00:00,42R1,GENERAL,750,European Rail Company
484,,480,DEMUC-RT,DEHAM-ST,13,2024-03-20T10:00:00,2024-03-22T10:00:00,42R1,DANGEROUS,950,European Rail Company
485,,480,DEMUC-RT,DEHAM-ST,13,2024-03-20T10:00:00,2024-03-22T10:00:00,42P1,OUT_OF_GAUGE,1650,European Rail Company
491,,490,DEHAM-ST,DEMUC-RT,13,2024-03-25T10:00:00,2024-03-27T10:00:00,22G1,GENERAL,650,European Rail Company
492,,490,DEHAM-ST,DEMUC-RT,13,2024-03-25T10:00:00,2024-03-27T10:00:00,22G1,DANGEROUS,850,European Rail Company
493,,490,DEHAM-ST,DEMUC-RT,13,2024-03-25T10:00:00,2024-03-27T10:00:00,42R1,GENERAL,750,European Rail Company
494,,490,DEHAM-ST,DEMUC-RT,13,2024-03-25T10:00:00,2024-03-27T10:00:00,42R1,DANGEROUS,950,European Rail Company
495,,490,DEHAM-ST,DEMUC-RT,13,2024-03-25T10:00:00,2024-03-27T10:00:00,42P1,OUT_OF_GAUGE,1650,European Rail Company
501,,500,DEMUC-RT,DEHAM-ST,13,2024-03-25T10:00:00,2024-03-27T10:00:00,22G1,GENERAL,650,European Rail Company
502,,500,DEMUC-RT,DEHAM-ST,13,2024-03-25T10:00:00,2024-03-27T10:00:00,22G1,DANGEROUS,850,European Rail Company
503,,500,DEMUC-RT,DEHAM-ST,13,2024-03-25T10:00:00,2024-03-27T10:00:00,42R1,GENERAL,750,European Rail Company
504,,500,DEMUC-RT,DEHAM-ST,13,2024-03-25T10:00:00,2024-03-27T10:00:00,42R1,DANGEROUS,950,European Rail Company
505,,500,DEMUC-RT,DEHAM-ST,13,2024-03-25T10:00:00,2024-03-27T10:00:00,42P1,OUT_OF_GAUGE,1650,European Rail Company
511,,510,DEHAM-ST,DEMUC-RT,13,2024-03-27T10:00:00,2024-03-29T10:00:00,22G1,GENERAL,650,European Rail Company
512,,510,DEHAM-ST,DEMUC-RT,13,2024-03-27T10:00:00,2024-03-29T10:00:00,22G1,DANGEROUS,850,European Rail Company
513,,510,DEHAM-ST,DEMUC-RT,13,2024-03-27T10:00:00,2024-03-29T10:00:00,42R1,GENERAL,750,European Rail Company
514,,510,DEHAM-ST,DEMUC-RT,13,2024-03-27T10:00:00,2024-03-29T10:00:00,42R1,DANGEROUS,950,European Rail Company
515,,510,DEHAM-ST,DEMUC-RT,13,2024-03-27T10:00:00,2024-03-29T10:00:00,42P1,OUT_OF_GAUGE,1650,European Rail Company
521,,520,DEMUC-RT,DEHAM-ST,13,2024-03-27T10:00:00,2024-03-29T10:00:00,22G1,GENERAL,650,European Rail Company
522,,520,DEMUC-RT,DEHAM-ST,13,2024-03-27T10:00:00,2024-03-29T10:00:00,22G1,DANGEROUS,850,European Rail Company
523,,520,DEMUC-RT,DEHAM-ST,13,2024-03-27T10:00:00,2024-03-29T10:00:00,42R1,GENERAL,750,European Rail Company
524,,520,DEMUC-RT,DEHAM-ST,13,2024-03-27T10:00:00,2024-03-29T10:00:00,42R1,DANGEROUS,950,European Rail Company
525,,520,DEMUC-RT,DEHAM-ST,13,2024-03-27T10:00:00,2024-03-29T10:00:00,42P1,OUT_OF_GAUGE,1650,European Rail Company
531,,530,DEHAM-ST,DEMUC-RT,13,2024-04-01T10:00:00,2024-04-03T10:00:00,22G1,GENERAL,650,European Rail Company
532,,530,DEHAM-ST,DEMUC-RT,13,2024-04-01T10:00:00,2024-04-03T10:00:00,22G1,DANGEROUS,850,European Rail Company
533,,530,DEHAM-ST,DEMUC-RT,13,2024-04-01T10:00:00,2024-04-03T10:00:00,42R1,GENERAL,750,European Rail Company
534,,530,DEHAM-ST,DEMUC-RT,13,2024-04-01T10:00:00,2024-04-03T10:00:00,42R1,DANGEROUS,950,European Rail Company
535,,530,DEHAM-ST,DEMUC-RT,13,2024-04-01T10:00:00,2024-04-03T10:00:00,42P1,OUT_OF_GAUGE,1650,European Rail Company
541,,540,DEMUC-RT,DEHAM-ST,13,2024-04-01T10:00:00,2024-04-03T10:00:00,22G1,GENERAL,650,European Rail Company
542,,540,DEMUC-RT,DEHAM-ST,13,2024-04-01T10:00:00,2024-04-03T10:00:00,22G1,DANGEROUS,850,European Rail Company
543,,540,DEMUC-RT,DEHAM-ST,13,2024-04-01T10:00:00,2024-04-03T10:00:00,42R1,GENERAL,750,European Rail Company
544,,540,DEMUC-RT,DEHAM-ST,13,2024-04-01T10:00:00,2024-04-03T10:00:00,42R1,DANGEROUS,950,European Rail Company
545,,540,DEMUC-RT,DEHAM-ST,13,2024-04-01T10:00:00,2024-04-03T10:00:00,42P1,OUT_OF_GAUGE,1650,European Rail Company
551,,550,DEHAM-ST,DEMUC-RT,13,2024-04-03T10:00:00,2024-04-05T10:00:00,22G1,GENERAL,650,European Rail Company
552,,550,DEHAM-ST,DEMUC-RT,13,2024-04-03T10:00:00,2024-04-05T10:00:00,22G1,DANGEROUS,850,European Rail Company
553,,550,DEHAM-ST,DEMUC-RT,13,2024-04-03T10:00:00,2024-04-05T10:00:00,42R1,GENERAL,750,European Rail Company
554,,550,DEHAM-ST,DEMUC-RT,13,2024-04-03T10:00:00,2024-04-05T10:00:00,42R1,DANGEROUS,950,European Rail Company
555,,550,DEHAM-ST,DEMUC-RT,13,2024-04-03T10:00:00,2024-04-05T10:00:00,42P1,OUT_OF_GAUGE,1650,European Rail Company
561,,560,DEMUC-RT,DEHAM-ST,13,2024-04-03T10:00:00,2024-04-05T10:00:00,22G1,GENERAL,650,European Rail Company
562,,560,DEMUC-RT,DEHAM-ST,13,2024-04-03T10:00:00,2024-04-05T10:00:00,22G1,DANGEROUS,850,European Rail Company
563,,560,DEMUC-RT,DEHAM-ST,13,2024-04-03T10:00:00,2024-04-05T10:00:00,42R1,GENERAL,750,European Rail Company
564,,560,DEMUC-RT,DEHAM-ST,13,2024-04-03T10:00:00,2024-04-05T10:00:00,42R1,DANGEROUS,950,European Rail Company
565,,560,DEMUC-RT,DEHAM-ST,13,2024-04-03T10:00:00,2024-04-05T10:00:00,42P1,OUT_OF_GAUGE,1650,European Rail Company
3001,,3000,CAMTR-ST,USCHI-RT,23,2024-01-01T10:00:00,2024-01-06T10:00:00,22G1,GENERAL,1050,American Rail Company
3002,,3000,CAMTR-ST,USCHI-RT,23,2024-01-01T10:00:00,2024-01-06T10:00:00,22G1,DANGEROUS,1250,American Rail Company
3003,,3000,CAMTR-ST,USCHI-RT,23,2024-01-01T10:00:00,2024-01-06T10:00:00,42R1,GENERAL,1150,American Rail Company
3004,,3000,CAMTR-ST,USCHI-RT,23,2024-01-01T10:00:00,2024-01-06T10:00:00,42R1,DANGEROUS,1350,American Rail Company
3005,,3000,CAMTR-ST,USCHI-RT,23,2024-01-01T10:00:00,2024-01-06T10:00:00,42P1,OUT_OF_GAUGE,2050,American Rail Company
3011,3000.0,3010,USCHI-RT,USORF-ST,21,2024-01-07T10:00:00,2024-01-11T10:00:00,22G1,GENERAL,1150,American Rail Company
3012,3000.0,3010,USCHI-RT,USORF-ST,21,2024-01-07T10:00:00,2024-01-11T10:00:00,22G1,DANGEROUS,1350,American Rail Company
3013,3000.0,3010,USCHI-RT,USORF-ST,21,2024-01-07T10:00:00,2024-01-11T10:00:00,42R1,GENERAL,1250,American Rail Company
3014,3000.0,3010,USCHI-RT,USORF-ST,21,2024-01-07T10:00:00,2024-01-11T10:00:00,42R1,DANGEROUS,1450,American Rail Company
3015,3000.0,3010,USCHI-RT,USORF-ST,21,2024-01-07T10:00:00,2024-01-11T10:00:00,42P1,OUT_OF_GAUGE,2150,American Rail Company
3021,,3020,CAMTR-ST,USCHI-RT,23,2024-01-08T10:00:00,2024-01-13T10:00:00,22G1,GENERAL,1050,American Rail Company
3022,,3020,CAMTR-ST,USCHI-RT,23,2024-01-08T10:00:00,2024-01-13T10:00:00,22G1,DANGEROUS,1250,American Rail Company
3023,,3020,CAMTR-ST,USCHI-RT,23,2024-01-08T10:00:00,2024-01-13T10:00:00,42R1,GENERAL,1150,American Rail Company
3024,,3020,CAMTR-ST,USCHI-RT,23,2024-01-08T10:00:00,2024-01-13T10:00:00,42R1,DANGEROUS,1350,American Rail Company
3025,,3020,CAMTR-ST,USCHI-RT,23,2024-01-08T10:00:00,2024-01-13T10:00:00,42P1,OUT_OF_GAUGE,2050,American Rail Company
3031,3020.0,3030,USCHI-RT,USORF-ST,21,2024-01-14T10:00:00,2024-01-18T10:00:00,22G1,GENERAL,1150,American Rail Company
3032,3020.0,3030,USCHI-RT,USORF-ST,21,2024-01-14T10:00:00,2024-01-18T10:00:00,22G1,DANGEROUS,1350,American Rail Company
3033,3020.0,3030,USCHI-RT,USORF-ST,21,2024-01-14T10:00:00,2024-01-18T10:00:00,42R1,GENERAL,1250,American Rail Company
3034,3020.0,3030,USCHI-RT,USORF-ST,21,2024-01-14T10:00:00,2024-01-18T10:00:00,42R1,DANGEROUS,1450,American Rail Company
3035,3020.0,3030,USCHI-RT,USORF-ST,21,2024-01-14T10:00:00,2024-01-18T10:00:00,42P1,OUT_OF_GAUGE,2150,American Rail Company
3041,,3040,CAMTR-ST,USCHI-RT,23,2024-01-15T10:00:00,2024-01-20T10:00:00,22G1,GENERAL,1050,American Rail Company
3042,,3040,CAMTR-ST,USCHI-RT,23,2024-01-15T10:00:00,2024-01-20T10:00:00,22G1,DANGEROUS,1250,American Rail Company
3043,,3040,CAMTR-ST,USCHI-RT,23,2024-01-15T10:00:00,2024-01-20T10:00:00,42R1,GENERAL,1150,American Rail Company
3044,,3040,CAMTR-ST,USCHI-RT,23,2024-01-15T10:00:00,2024-01-20T10:00:00,42R1,DANGEROUS,1350,American Rail Company
3045,,3040,CAMTR-ST,USCHI-RT,23,2024-01-15T10:00:00,2024-01-20T10:00:00,42P1,OUT_OF_GAUGE,2050,American Rail Company
3051,3040.0,3050,USCHI-RT,USORF-ST,21,2024-01-21T10:00:00,2024-01-25T10:00:00,22G1,GENERAL,1150,American Rail Company
3052,3040.0,3050,USCHI-RT,USORF-ST,21,2024-01-21T10:00:00,2024-01-25T10:00:00,22G1,DANGEROUS,1350,American Rail Company
3053,3040.0,3050,USCHI-RT,USORF-ST,21,2024-01-21T10:00:00,2024-01-25T10:00:00,42R1,GENERAL,1250,American Rail Company
3054,3040.0,3050,USCHI-RT,USORF-ST,21,2024-01-21T10:00:00,2024-01-25T10:00:00,42R1,DANGEROUS,1450,American Rail Company
3055,3040.0,3050,USCHI-RT,USORF-ST,21,2024-01-21T10:00:00,2024-01-25T10:00:00,42P1,OUT_OF_GAUGE,2150,American Rail Company
3061,,3060,CAMTR-ST,USCHI-RT,23,2024-01-22T10:00:00,2024-01-27T10:00:00,22G1,GENERAL,1050,American Rail Company
3062,,3060,CAMTR-ST,USCHI-RT,23,2024-01-22T10:00:00,2024-01-27T10:00:00,22G1,DANGEROUS,1250,American Rail Company
3063,,3060,CAMTR-ST,USCHI-RT,23,2024-01-22T10:00:00,2024-01-27T10:00:00,42R1,GENERAL,1150,American Rail Company
3064,,3060,CAMTR-ST,USCHI-RT,23,2024-01-22T10:00:00,2024-01-27T10:00:00,42R1,DANGEROUS,1350,American Rail Company
3065,,3060,CAMTR-ST,USCHI-RT,23,2024-01-22T10:00:00,2024-01-27T10:00:00,42P1,OUT_OF_GAUGE,2050,American Rail Company
3071,3060.0,3070,USCHI-RT,USORF-ST,21,2024-01-28T10:00:00,2024-02-01T10:00:00,22G1,GENERAL,1150,American Rail Company
3072,3060.0,3070,USCHI-RT,USORF-ST,21,2024-01-28T10:00:00,2024-02-01T10:00:00,22G1,DANGEROUS,1350,American Rail Company
3073,3060.0,3070,USCHI-RT,USORF-ST,21,2024-01-28T10:00:00,2024-02-01T10:00:00,42R1,GENERAL,1250,American Rail Company
3074,3060.0,3070,USCHI-RT,USORF-ST,21,2024-01-28T10:00:00,2024-02-01T10:00:00,42R1,DANGEROUS,1450,American Rail Company
3075,3060.0,3070,USCHI-RT,USORF-ST,21,2024-01-28T10:00:00,2024-02-01T10:00:00,42P1,OUT_OF_GAUGE,2150,American Rail Company
3081,,3080,CAMTR-ST,USCHI-RT,23,2024-01-29T10:00:00,2024-02-03T10:00:00,22G1,GENERAL,1050,American Rail Company
3082,,3080,CAMTR-ST,USCHI-RT,23,2024-01-29T10:00:00,2024-02-03T10:00:00,22G1,DANGEROUS,1250,American Rail Company
3083,,3080,CAMTR-ST,USCHI-RT,23,2024-01-29T10:00:00,2024-02-03T10:00:00,42R1,GENERAL,1150,American Rail Company
3084,,3080,CAMTR-ST,USCHI-RT,23,2024-01-29T10:00:00,2024-02-03T10:00:00,42R1,DANGEROUS,1350,American Rail Company
3085,,3080,CAMTR-ST,USCHI-RT,23,2024-01-29T10:00:00,2024-02-03T10:00:00,42P1,OUT_OF_GAUGE,2050,American Rail Company
3091,3080.0,3090,USCHI-RT,USORF-ST,21,2024-02-04T10:00:00,2024-02-08T10:00:00,22G1,GENERAL,1150,American Rail Company
3092,3080.0,3090,USCHI-RT,USORF-ST,21,2024-02-04T10:00:00,2024-02-08T10:00:00,22G1,DANGEROUS,1350,American Rail Company
3093,3080.0,3090,USCHI-RT,USORF-ST,21,2024-02-04T10:00:00,2024-02-08T10:00:00,42R1,GENERAL,1250,American Rail Company
3094,3080.0,3090,USCHI-RT,USORF-ST,21,2024-02-04T10:00:00,2024-02-08T10:00:00,42R1,DANGEROUS,1450,American Rail Company
3095,3080.0,3090,USCHI-RT,USORF-ST,21,2024-02-04T10:00:00,2024-02-08T10:00:00,42P1,OUT_OF_GAUGE,2150,American Rail Company
3101,,3100,CAMTR-ST,USCHI-RT,23,2024-02-05T10:00:00,2024-02-10T10:00:00,22G1,GENERAL,1050,American Rail Company
3102,,3100,CAMTR-ST,USCHI-RT,23,2024-02-05T10:00:00,2024-02-10T10:00:00,22G1,DANGEROUS,1250,American Rail Company
3103,,3100,CAMTR-ST,USCHI-RT,23,2024-02-05T10:00:00,2024-02-10T10:00:00,42R1,GENERAL,1150,American Rail Company
3104,,3100,CAMTR-ST,USCHI-RT,23,2024-02-05T10:00:00,2024-02-10T10:00:00,42R1,DANGEROUS,1350,American Rail Company
3105,,3100,CAMTR-ST,USCHI-RT,23,2024-02-05T10:00:00,2024-02-10T10:00:00,42P1,OUT_OF_GAUGE,2050,American Rail Company
3111,3100.0,3110,USCHI-RT,USORF-ST,21,2024-02-11T10:00:00,2024-02-15T10:00:00,22G1,GENERAL,1150,American Rail Company
3112,3100.0,3110,USCHI-RT,USORF-ST,21,2024-02-11T10:00:00,2024-02-15T10:00:00,22G1,DANGEROUS,1350,American Rail Company
3113,3100.0,3110,USCHI-RT,USORF-ST,21,2024-02-11T10:00:00,2024-02-15T10:00:00,42R1,GENERAL,1250,American Rail Company
3114,3100.0,3110,USCHI-RT,USORF-ST,21,2024-02-11T10:00:00,2024-02-15T10:00:00,42R1,DANGEROUS,1450,American Rail Company
3115,3100.0,3110,USCHI-RT,USORF-ST,21,2024-02-11T10:00:00,2024-02-15T10:00:00,42P1,OUT_OF_GAUGE,2150,American Rail Company
3121,,3120,CAMTR-ST,USCHI-RT,23,2024-02-12T10:00:00,2024-02-17T10:00:00,22G1,GENERAL,1050,American Rail Company
3122,,3120,CAMTR-ST,USCHI-RT,23,2024-02-12T10:00:00,2024-02-17T10:00:00,22G1,DANGEROUS,1250,American Rail Company
3123,,3120,CAMTR-ST,USCHI-RT,23,2024-02-12T10:00:00,2024-02-17T10:00:00,42R1,GENERAL,1150,American Rail Company
3124,,3120,CAMTR-ST,USCHI-RT,23,2024-02-12T10:00:00,2024-02-17T10:00:00,42R1,DANGEROUS,1350,American Rail Company
3125,,3120,CAMTR-ST,USCHI-RT,23,2024-02-12T10:00:00,2024-02-17T10:00:00,42P1,OUT_OF_GAUGE,2050,American Rail Company
3131,3120.0,3130,USCHI-RT,USORF-ST,21,2024-02-18T10:00:00,2024-02-22T10:00:00,22G1,GENERAL,1150,American Rail Company
3132,3120.0,3130,USCHI-RT,USORF-ST,21,2024-02-18T10:00:00,2024-02-22T10:00:00,22G1,DANGEROUS,1350,American Rail Company
3133,3120.0,3130,USCHI-RT,USORF-ST,21,2024-02-18T10:00:00,2024-02-22T10:00:00,42R1,GENERAL,1250,American Rail Company
3134,3120.0,3130,USCHI-RT,USORF-ST,21,2024-02-18T10:00:00,2024-02-22T10:00:00,42R1,DANGEROUS,1450,American Rail Company
3135,3120.0,3130,USCHI-RT,USORF-ST,21,2024-02-18T10:00:00,2024-02-22T10:00:00,42P1,OUT_OF_GAUGE,2150,American Rail Company
3141,,3140,CAMTR-ST,USCHI-RT,23,2024-02-19T10:00:00,2024-02-24T10:00:00,22G1,GENERAL,1050,American Rail Company
3142,,3140,CAMTR-ST,USCHI-RT,23,2024-02-19T10:00:00,2024-02-24T10:00:00,22G1,DANGEROUS,1250,American Rail Company
3143,,3140,CAMTR-ST,USCHI-RT,23,2024-02-19T10:00:00,2024-02-24T10:00:00,42R1,GENERAL,1150,American Rail Company
3144,,3140,CAMTR-ST,USCHI-RT,23,2024-02-19T10:00:00,2024-02-24T10:00:00,42R1,DANGEROUS,1350,American Rail Company
3145,,3140,CAMTR-ST,USCHI-RT,23,2024-02-19T10:00:00,2024-02-24T10:00:00,42P1,OUT_OF_GAUGE,2050,American Rail Company
3151,3140.0,3150,USCHI-RT,USORF-ST,21,2024-02-25T10:00:00,2024-02-29T10:00:00,22G1,GENERAL,1150,American Rail Company
3152,3140.0,3150,USCHI-RT,USORF-ST,21,2024-02-25T10:00:00,2024-02-29T10:00:00,22G1,DANGEROUS,1350,American Rail Company
3153,3140.0,3150,USCHI-RT,USORF-ST,21,2024-02-25T10:00:00,2024-02-29T10:00:00,42R1,GENERAL,1250,American Rail Company
3154,3140.0,3150,USCHI-RT,USORF-ST,21,2024-02-25T10:00:00,2024-02-29T10:00:00,42R1,DANGEROUS,1450,American Rail Company
3155,3140.0,3150,USCHI-RT,USORF-ST,21,2024-02-25T10:00:00,2024-02-29T10:00:00,42P1,OUT_OF_GAUGE,2150,American Rail Company
3161,,3160,CAMTR-ST,USCHI-RT,23,2024-02-26T10:00:00,2024-03-02T10:00:00,22G1,GENERAL,1050,American Rail Company
3162,,3160,CAMTR-ST,USCHI-RT,23,2024-02-26T10:00:00,2024-03-02T10:00:00,22G1,DANGEROUS,1250,American Rail Company
3163,,3160,CAMTR-ST,USCHI-RT,23,2024-02-26T10:00:00,2024-03-02T10:00:00,42R1,GENERAL,1150,American Rail Company
3164,,3160,CAMTR-ST,USCHI-RT,23,2024-02-26T10:00:00,2024-03-02T10:00:00,42R1,DANGEROUS,1350,American Rail Company
3165,,3160,CAMTR-ST,USCHI-RT,23,2024-02-26T10:00:00,2024-03-02T10:00:00,42P1,OUT_OF_GAUGE,2050,American Rail Company
3171,3160.0,3170,USCHI-RT,USORF-ST,21,2024-03-03T10:00:00,2024-03-07T10:00:00,22G1,GENERAL,1150,American Rail Company
3172,3160.0,3170,USCHI-RT,USORF-ST,21,2024-03-03T10:00:00,2024-03-07T10:00:00,22G1,DANGEROUS,1350,American Rail Company
3173,3160.0,3170,USCHI-RT,USORF-ST,21,2024-03-03T10:00:00,2024-03-07T10:00:00,42R1,GENERAL,1250,American Rail Company
3174,3160.0,3170,USCHI-RT,USORF-ST,21,2024-03-03T10:00:00,2024-03-07T10:00:00,42R1,DANGEROUS,1450,American Rail Company
3175,3160.0,3170,USCHI-RT,USORF-ST,21,2024-03-03T10:00:00,2024-03-07T10:00:00,42P1,OUT_OF_GAUGE,2150,American Rail Company
3181,,3180,CAMTR-ST,USCHI-RT,23,2024-03-04T10:00:00,2024-03-09T10:00:00,22G1,GENERAL,1050,American Rail Company
3182,,3180,CAMTR-ST,USCHI-RT,23,2024-03-04T10:00:00,2024-03-09T10:00:00,22G1,DANGEROUS,1250,American Rail Company
3183,,3180,CAMTR-ST,USCHI-RT,23,2024-03-04T10:00:00,2024-03-09T10:00:00,42R1,GENERAL,1150,American Rail Company
3184,,3180,CAMTR-ST,USCHI-RT,23,2024-03-04T10:00:00,2024-03-09T10:00:00,42R1,DANGEROUS,1350,American Rail Company
3185,,3180,CAMTR-ST,USCHI-RT,23,2024-03-04T10:00:00,2024-03-09T10:00:00,42P1,OUT_OF_GAUGE,2050,American Rail Company
3191,3180.0,3190,USCHI-RT,USORF-ST,21,2024-03-10T10:00:00,2024-03-14T10:00:00,22G1,GENERAL,1150,American Rail Company
3192,3180.0,3190,USCHI-RT,USORF-ST,21,2024-03-10T10:00:00,2024-03-14T10:00:00,22G1,DANGEROUS,1350,American Rail Company
3193,3180.0,3190,USCHI-RT,USORF-ST,21,2024-03-10T10:00:00,2024-03-14T10:00:00,42R1,GENERAL,1250,American Rail Company
3194,3180.0,3190,USCHI-RT,USORF-ST,21,2024-03-10T10:00:00,2024-03-14T10:00:00,42R1,DANGEROUS,1450,American Rail Company
3195,3180.0,3190,USCHI-RT,USORF-ST,21,2024-03-10T10:00:00,2024-03-14T10:00:00,42P1,OUT_OF_GAUGE,2150,American Rail Company
3201,,3200,CAMTR-ST,USCHI-RT,23,2024-03-11T10:00:00,2024-03-16T10:00:00,22G1,GENERAL,1050,American Rail Company
3202,,3200,CAMTR-ST,USCHI-RT,23,2024-03-11T10:00:00,2024-03-16T10:00:00,22G1,DANGEROUS,1250,American Rail Company
3203,,3200,CAMTR-ST,USCHI-RT,23,2024-03-11T10:00:00,2024-03-16T10:00:00,42R1,GENERAL,1150,American Rail Company
3204,,3200,CAMTR-ST,USCHI-RT,23,2024-03-11T10:00:00,2024-03-16T10:00:00,42R1,DANGEROUS,1350,American Rail Company
3205,,3200,CAMTR-ST,USCHI-RT,23,2024-03-11T10:00:00,2024-03-16T10:00:00,42P1,OUT_OF_GAUGE,2050,American Rail Company
3211,3200.0,3210,USCHI-RT,USORF-ST,21,2024-03-17T10:00:00,2024-03-21T10:00:00,22G1,GENERAL,1150,American Rail Company
3212,3200.0,3210,USCHI-RT,USORF-ST,21,2024-03-17T10:00:00,2024-03-21T10:00:00,22G1,DANGEROUS,1350,American Rail Company
3213,3200.0,3210,USCHI-RT,USORF-ST,21,2024-03-17T10:00:00,2024-03-21T10:00:00,42R1,GENERAL,1250,American Rail Company
3214,3200.0,3210,USCHI-RT,USORF-ST,21,2024-03-17T10:00:00,2024-03-21T10:00:00,42R1,DANGEROUS,1450,American Rail Company
3215,3200.0,3210,USCHI-RT,USORF-ST,21,2024-03-17T10:00:00,2024-03-21T10:00:00,42P1,OUT_OF_GAUGE,2150,American Rail Company
3221,,3220,CAMTR-ST,USCHI-RT,23,2024-03-18T10:00:00,2024-03-23T10:00:00,22G1,GENERAL,1050,American Rail Company
3222,,3220,CAMTR-ST,USCHI-RT,23,2024-03-18T10:00:00,2024-03-23T10:00:00,22G1,DANGEROUS,1250,American Rail Company
3223,,3220,CAMTR-ST,USCHI-RT,23,2024-03-18T10:00:00,2024-03-23T10:00:00,42R1,GENERAL,1150,American Rail Company
3224,,3220,CAMTR-ST,USCHI-RT,23,2024-03-18T10:00:00,2024-03-23T10:00:00,42R1,DANGEROUS,1350,American Rail Company
3225,,3220,CAMTR-ST,USCHI-RT,23,2024-03-18T10:00:00,2024-03-23T10:00:00,42P1,OUT_OF_GAUGE,2050,American Rail Company
3231,3220.0,3230,USCHI-RT,USORF-ST,21,2024-03-24T10:00:00,2024-03-28T10:00:00,22G1,GENERAL,1150,American Rail Company
3232,3220.0,3230,USCHI-RT,USORF-ST,21,2024-03-24T10:00:00,2024-03-28T10:00:00,22G1,DANGEROUS,1350,American Rail Company
3233,3220.0,3230,USCHI-RT,USORF-ST,21,2024-03-24T10:00:00,2024-03-28T10:00:00,42R1,GENERAL,1250,American Rail Company
3234,3220.0,3230,USCHI-RT,USORF-ST,21,2024-03-24T10:00:00,2024-03-28T10:00:00,42R1,DANGEROUS,1450,American Rail Company
3235,3220.0,3230,USCHI-RT,USORF-ST,21,2024-03-24T10:00:00,2024-03-28T10:00:00,42P1,OUT_OF_GAUGE,2150,American Rail Company
3241,,3240,CAMTR-ST,USCHI-RT,23,2024-03-25T10:00:00,2024-03-30T10:00:00,22G1,GENERAL,1050,American Rail Company
3242,,3240,CAMTR-ST,USCHI-RT,23,2024-03-25T10:00:00,2024-03-30T10:00:00,22G1,DANGEROUS,1250,American Rail Company
3243,,3240,CAMTR-ST,USCHI-RT,23,2024-03-25T10:00:00,2024-03-30T10:00:00,42R1,GENERAL,1150,American Rail Company
3244,,3240,CAMTR-ST,USCHI-RT,23,2024-03-25T10:00:00,2024-03-30T10:00:00,42R1,DANGEROUS,1350,American Rail Company
3245,,3240,CAMTR-ST,USCHI-RT,23,2024-03-25T10:00:00,2024-03-30T10:00:00,42P1,OUT_OF_GAUGE,2050,American Rail Company
3251,3240.0,3250,USCHI-RT,USORF-ST,21,2024-03-31T10:00:00,2024-04-04T10:00:00,22G1,GENERAL,1150,American Rail Company
3252,3240.0,3250,USCHI-RT,USORF-ST,21,2024-03-31T10:00:00,2024-04-04T10:00:00,22G1,DANGEROUS,1350,American Rail Company
3253,3240.0,3250,USCHI-RT,USORF-ST,21,2024-03-31T10:00:00,2024-04-04T10:00:00,42R1,GENERAL,1250,American Rail Company
3254,3240.0,3250,USCHI-RT,USORF-ST,21,2024-03-31T10:00:00,2024-04-04T10:00:00,42R1,DANGEROUS,1450,American Rail Company
3255,3240.0,3250,USCHI-RT,USORF-ST,21,2024-03-31T10:00:00,2024-04-04T10:00:00,42P1,OUT_OF_GAUGE,2150,American Rail Company
3261,,3260,CAMTR-ST,USCHI-RT,23,2024-04-01T10:00:00,2024-04-06T10:00:00,22G1,GENERAL,1050,American Rail Company
3262,,3260,CAMTR-ST,USCHI-RT,23,2024-04-01T10:00:00,2024-04-06T10:00:00,22G1,DANGEROUS,1250,American Rail Company
3263,,3260,CAMTR-ST,USCHI-RT,23,2024-04-01T10:00:00,2024-04-06T10:00:00,42R1,GENERAL,1150,American Rail Company
3264,,3260,CAMTR-ST,USCHI-RT,23,2024-04-01T10:00:00,2024-04-06T10:00:00,42R1,DANGEROUS,1350,American Rail Company
3265,,3260,CAMTR-ST,USCHI-RT,23,2024-04-01T10:00:00,2024-04-06T10:00:00,42P1,OUT_OF_GAUGE,2050,American Rail Company
4001,,4000,CAMTR-ST,USCHI-RT,23,2024-01-04T10:00:00,2024-01-09T10:00:00,22G1,GENERAL,1050,American Rail Company
4002,,4000,CAMTR-ST,USCHI-RT,23,2024-01-04T10:00:00,2024-01-09T10:00:00,22G1,DANGEROUS,1250,American Rail Company
4003,,4000,CAMTR-ST,USCHI-RT,23,2024-01-04T10:00:00,2024-01-09T10:00:00,42R1,GENERAL,1150,American Rail Company
4004,,4000,CAMTR-ST,USCHI-RT,23,2024-01-04T10:00:00,2024-01-09T10:00:00,42R1,DANGEROUS,1350,American Rail Company
4005,,4000,CAMTR-ST,USCHI-RT,23,2024-01-04T10:00:00,2024-01-09T10:00:00,42P1,OUT_OF_GAUGE,2050,American Rail Company
4011,4000.0,4010,USCHI-RT,USORF-ST,21,2024-01-10T10:00:00,2024-01-14T10:00:00,22G1,GENERAL,1150,American Rail Company
4012,4000.0,4010,USCHI-RT,USORF-ST,21,2024-01-10T10:00:00,2024-01-14T10:00:00,22G1,DANGEROUS,1350,American Rail Company
4013,4000.0,4010,USCHI-RT,USORF-ST,21,2024-01-10T10:00:00,2024-01-14T10:00:00,42R1,GENERAL,1250,American Rail Company
4014,4000.0,4010,USCHI-RT,USORF-ST,21,2024-01-10T10:00:00,2024-01-14T10:00:00,42R1,DANGEROUS,1450,American Rail Company
4015,4000.0,4010,USCHI-RT,USORF-ST,21,2024-01-10T10:00:00,2024-01-14T10:00:00,42P1,OUT_OF_GAUGE,2150,American Rail Company
4021,,4020,CAMTR-ST,USCHI-RT,23,2024-01-11T10:00:00,2024-01-16T10:00:00,22G1,GENERAL,1050,American Rail Company
4022,,4020,CAMTR-ST,USCHI-RT,23,2024-01-11T10:00:00,2024-01-16T10:00:00,22G1,DANGEROUS,1250,American Rail Company
4023,,4020,CAMTR-ST,USCHI-RT,23,2024-01-11T10:00:00,2024-01-16T10:00:00,42R1,GENERAL,1150,American Rail Company
4024,,4020,CAMTR-ST,USCHI-RT,23,2024-01-11T10:00:00,2024-01-16T10:00:00,42R1,DANGEROUS,1350,American Rail Company
4025,,4020,CAMTR-ST,USCHI-RT,23,2024-01-11T10:00:00,2024-01-16T10:00:00,42P1,OUT_OF_GAUGE,2050,American Rail Company
4031,4020.0,4030,USCHI-RT,USORF-ST,21,2024-01-17T10:00:00,2024-01-21T10:00:00,22G1,GENERAL,1150,American Rail Company
4032,4020.0,4030,USCHI-RT,USORF-ST,21,2024-01-17T10:00:00,2024-01-21T10:00:00,22G1,DANGEROUS,1350,American Rail Company
4033,4020.0,4030,USCHI-RT,USORF-ST,21,2024-01-17T10:00:00,2024-01-21T10:00:00,42R1,GENERAL,1250,American Rail Company
4034,4020.0,4030,USCHI-RT,USORF-ST,21,2024-01-17T10:00:00,2024-01-21T10:00:00,42R1,DANGEROUS,1450,American Rail Company
4035,4020.0,4030,USCHI-RT,USORF-ST,21,2024-01-17T10:00:00,2024-01-21T10:00:00,42P1,OUT_OF_GAUGE,2150,American Rail Company
4041,,4040,CAMTR-ST,USCHI-RT,23,2024-01-18T10:00:00,2024-01-23T10:00:00,22G1,GENERAL,1050,American Rail Company
4042,,4040,CAMTR-ST,USCHI-RT,23,2024-01-18T10:00:00,2024-01-23T10:00:00,22G1,DANGEROUS,1250,American Rail Company
4043,,4040,CAMTR-ST,USCHI-RT,23,2024-01-18T10:00:00,2024-01-23T10:00:00,42R1,GENERAL,1150,American Rail Company
4044,,4040,CAMTR-ST,USCHI-RT,23,2024-01-18T10:00:00,2024-01-23T10:00:00,42R1,DANGEROUS,1350,American Rail Company
4045,,4040,CAMTR-ST,USCHI-RT,23,2024-01-18T10:00:00,2024-01-23T10:00:00,42P1,OUT_OF_GAUGE,2050,American Rail Company
4051,4040.0,4050,USCHI-RT,USORF-ST,21,2024-01-24T10:00:00,2024-01-28T10:00:00,22G1,GENERAL,1150,American Rail Company
4052,4040.0,4050,USCHI-RT,USORF-ST,21,2024-01-24T10:00:00,2024-01-28T10:00:00,22G1,DANGEROUS,1350,American Rail Company
4053,4040.0,4050,USCHI-RT,USORF-ST,21,2024-01-24T10:00:00,2024-01-28T10:00:00,42R1,GENERAL,1250,American Rail Company
4054,4040.0,4050,USCHI-RT,USORF-ST,21,2024-01-24T10:00:00,2024-01-28T10:00:00,42R1,DANGEROUS,1450,American Rail Company
4055,4040.0,4050,USCHI-RT,USORF-ST,21,2024-01-24T10:00:00,2024-01-28T10:00:00,42P1,OUT_OF_GAUGE,2150,American Rail Company
4061,,4060,CAMTR-ST,USCHI-RT,23,2024-01-25T10:00:00,2024-01-30T10:00:00,22G1,GENERAL,1050,American Rail Company
4062,,4060,CAMTR-ST,USCHI-RT,23,2024-01-25T10:00:00,2024-01-30T10:00:00,22G1,DANGEROUS,1250,American Rail Company
4063,,4060,CAMTR-ST,USCHI-RT,23,2024-01-25T10:00:00,2024-01-30T10:00:00,42R1,GENERAL,1150,American Rail Company
4064,,4060,CAMTR-ST,USCHI-RT,23,2024-01-25T10:00:00,2024-01-30T10:00:00,42R1,DANGEROUS,1350,American Rail Company
4065,,4060,CAMTR-ST,USCHI-RT,23,2024-01-25T10:00:00,2024-01-30T10:00:00,42P1,OUT_OF_GAUGE,2050,American Rail Company
4071,4060.0,4070,USCHI-RT,USORF-ST,21,2024-01-31T10:00:00,2024-02-04T10:00:00,22G1,GENERAL,1150,American Rail Company
4072,4060.0,4070,USCHI-RT,USORF-ST,21,2024-01-31T10:00:00,2024-02-04T10:00:00,22G1,DANGEROUS,1350,American Rail Company
4073,4060.0,4070,USCHI-RT,USORF-ST,21,2024-01-31T10:00:00,2024-02-04T10:00:00,42R1,GENERAL,1250,American Rail Company
4074,4060.0,4070,USCHI-RT,USORF-ST,21,2024-01-31T10:00:00,2024-02-04T10:00:00,42R1,DANGEROUS,1450,American Rail Company
4075,4060.0,4070,USCHI-RT,USORF-ST,21,2024-01-31T10:00:00,2024-02-04T10:00:00,42P1,OUT_OF_GAUGE,2150,American Rail Company
4081,,4080,CAMTR-ST,USCHI-RT,23,2024-02-01T10:00:00,2024-02-06T10:00:00,22G1,GENERAL,1050,American Rail Company
4082,,4080,CAMTR-ST,USCHI-RT,23,2024-02-01T10:00:00,2024-02-06T10:00:00,22G1,DANGEROUS,1250,American Rail Company
4083,,4080,CAMTR-ST,USCHI-RT,23,2024-02-01T10:00:00,2024-02-06T10:00:00,42R1,GENERAL,1150,American Rail Company
4084,,4080,CAMTR-ST,USCHI-RT,23,2024-02-01T10:00:00,2024-02-06T10:00:00,42R1,DANGEROUS,1350,American Rail Company
4085,,4080,CAMTR-ST,USCHI-RT,23,2024-02-01T10:00:00,2024-02-06T10:00:00,42P1,OUT_OF_GAUGE,2050,American Rail Company
4091,4080.0,4090,USCHI-RT,USORF-ST,21,2024-02-07T10:00:00,2024-02-11T10:00:00,22G1,GENERAL,1150,American Rail Company
4092,4080.0,4090,USCHI-RT,USORF-ST,21,2024-02-07T10:00:00,2024-02-11T10:00:00,22G1,DANGEROUS,1350,American Rail Company
4093,4080.0,4090,USCHI-RT,USORF-ST,21,2024-02-07T10:00:00,2024-02-11T10:00:00,42R1,GENERAL,1250,American Rail Company
4094,4080.0,4090,USCHI-RT,USORF-ST,21,2024-02-07T10:00:00,2024-02-11T10:00:00,42R1,DANGEROUS,1450,American Rail Company
4095,4080.0,4090,USCHI-RT,USORF-ST,21,2024-02-07T10:00:00,2024-02-11T10:00:00,42P1,OUT_OF_GAUGE,2150,American Rail Company
4101,,4100,CAMTR-ST,USCHI-RT,23,2024-02-08T10:00:00,2024-02-13T10:00:00,22G1,GENERAL,1050,American Rail Company
4102,,4100,CAMTR-ST,USCHI-RT,23,2024-02-08T10:00:00,2024-02-13T10:00:00,22G1,DANGEROUS,1250,American Rail Company
4103,,4100,CAMTR-ST,USCHI-RT,23,2024-02-08T10:00:00,2024-02-13T10:00:00,42R1,GENERAL,1150,American Rail Company
4104,,4100,CAMTR-ST,USCHI-RT,23,2024-02-08T10:00:00,2024-02-13T10:00:00,42R1,DANGEROUS,1350,American Rail Company
4105,,4100,CAMTR-ST,USCHI-RT,23,2024-02-08T10:00:00,2024-02-13T10:00:00,42P1,OUT_OF_GAUGE,2050,American Rail Company
4111,4100.0,4110,USCHI-RT,USORF-ST,21,2024-02-14T10:00:00,2024-02-18T10:00:00,22G1,GENERAL,1150,American Rail Company
4112,4100.0,4110,USCHI-RT,USORF-ST,21,2024-02-14T10:00:00,2024-02-18T10:00:00,22G1,DANGEROUS,1350,American Rail Company
4113,4100.0,4110,USCHI-RT,USORF-ST,21,2024-02-14T10:00:00,2024-02-18T10:00:00,42R1,GENERAL,1250,American Rail Company
4114,4100.0,4110,USCHI-RT,USORF-ST,21,2024-02-14T10:00:00,2024-02-18T10:00:00,42R1,DANGEROUS,1450,American Rail Company
4115,4100.0,4110,USCHI-RT,USORF-ST,21,2024-02-14T10:00:00,2024-02-18T10:00:00,42P1,OUT_OF_GAUGE,2150,American Rail Company
4121,,4120,CAMTR-ST,USCHI-RT,23,2024-02-15T10:00:00,2024-02-20T10:00:00,22G1,GENERAL,1050,American Rail Company
4122,,4120,CAMTR-ST,USCHI-RT,23,2024-02-15T10:00:00,2024-02-20T10:00:00,22G1,DANGEROUS,1250,American Rail Company
4123,,4120,CAMTR-ST,USCHI-RT,23,2024-02-15T10:00:00,2024-02-20T10:00:00,42R1,GENERAL,1150,American Rail Company
4124,,4120,CAMTR-ST,USCHI-RT,23,2024-02-15T10:00:00,2024-02-20T10:00:00,42R1,DANGEROUS,1350,American Rail Company
4125,,4120,CAMTR-ST,USCHI-RT,23,2024-02-15T10:00:00,2024-02-20T10:00:00,42P1,OUT_OF_GAUGE,2050,American Rail Company
4131,4120.0,4130,USCHI-RT,USORF-ST,21,2024-02-21T10:00:00,2024-02-25T10:00:00,22G1,GENERAL,1150,American Rail Company
4132,4120.0,4130,USCHI-RT,USORF-ST,21,2024-02-21T10:00:00,2024-02-25T10:00:00,22G1,DANGEROUS,1350,American Rail Company
4133,4120.0,4130,USCHI-RT,USORF-ST,21,2024-02-21T10:00:00,2024-02-25T10:00:00,42R1,GENERAL,1250,American Rail Company
4134,4120.0,4130,USCHI-RT,USORF-ST,21,2024-02-21T10:00:00,2024-02-25T10:00:00,42R1,DANGEROUS,1450,American Rail Company
4135,4120.0,4130,USCHI-RT,USORF-ST,21,2024-02-21T10:00:00,2024-02-25T10:00:00,42P1,OUT_OF_GAUGE,2150,American Rail Company
4141,,4140,CAMTR-ST,USCHI-RT,23,2024-02-22T10:00:00,2024-02-27T10:00:00,22G1,GENERAL,1050,American Rail Company
4142,,4140,CAMTR-ST,USCHI-RT,23,2024-02-22T10:00:00,2024-02-27T10:00:00,22G1,DANGEROUS,1250,American Rail Company
4143,,4140,CAMTR-ST,USCHI-RT,23,2024-02-22T10:00:00,2024-02-27T10:00:00,42R1,GENERAL,1150,American Rail Company
4144,,4140,CAMTR-ST,USCHI-RT,23,2024-02-22T10:00:00,2024-02-27T10:00:00,42R1,DANGEROUS,1350,American Rail Company
4145,,4140,CAMTR-ST,USCHI-RT,23,2024-02-22T10:00:00,2024-02-27T10:00:00,42P1,OUT_OF_GAUGE,2050,American Rail Company
4151,4140.0,4150,USCHI-RT,USORF-ST,21,2024-02-28T10:00:00,2024-03-03T10:00:00,22G1,GENERAL,1150,American Rail Company
4152,4140.0,4150,USCHI-RT,USORF-ST,21,2024-02-28T10:00:00,2024-03-03T10:00:00,22G1,DANGEROUS,1350,American Rail Company
4153,4140.0,4150,USCHI-RT,USORF-ST,21,2024-02-28T10:00:00,2024-03-03T10:00:00,42R1,GENERAL,1250,American Rail Company
4154,4140.0,4150,USCHI-RT,USORF-ST,21,2024-02-28T10:00:00,2024-03-03T10:00:00,42R1,DANGEROUS,1450,American Rail Company
4155,4140.0,4150,USCHI-RT,USORF-ST,21,2024-02-28T10:00:00,2024-03-03T10:00:00,42P1,OUT_OF_GAUGE,2150,American Rail Company
4161,,4160,CAMTR-ST,USCHI-RT,23,2024-02-29T10:00:00,2024-03-05T10:00:00,22G1,GENERAL,1050,American Rail Company
4162,,4160,CAMTR-ST,USCHI-RT,23,2024-02-29T10:00:00,2024-03-05T10:00:00,22G1,DANGEROUS,1250,American Rail Company
4163,,4160,CAMTR-ST,USCHI-RT,23,2024-02-29T10:00:00,2024-03-05T10:00:00,42R1,GENERAL,1150,American Rail Company
4164,,4160,CAMTR-ST,USCHI-RT,23,2024-02-29T10:00:00,2024-03-05T10:00:00,42R1,DANGEROUS,1350,American Rail Company
4165,,4160,CAMTR-ST,USCHI-RT,23,2024-02-29T10:00:00,2024-03-05T10:00:00,42P1,OUT_OF_GAUGE,2050,American Rail Company
4171,4160.0,4170,USCHI-RT,USORF-ST,21,2024-03-06T10:00:00,2024-03-10T10:00:00,22G1,GENERAL,1150,American Rail Company
4172,4160.0,4170,USCHI-RT,USORF-ST,21,2024-03-06T10:00:00,2024-03-10T10:00:00,22G1,DANGEROUS,1350,American Rail Company
4173,4160.0,4170,USCHI-RT,USORF-ST,21,2024-03-06T10:00:00,2024-03-10T10:00:00,42R1,GENERAL,1250,American Rail Company
4174,4160.0,4170,USCHI-RT,USORF-ST,21,2024-03-06T10:00:00,2024-03-10T10:00:00,42R1,DANGEROUS,1450,American Rail Company
4175,4160.0,4170,USCHI-RT,USORF-ST,21,2024-03-06T10:00:00,2024-03-10T10:00:00,42P1,OUT_OF_GAUGE,2150,American Rail Company
4181,,4180,CAMTR-ST,USCHI-RT,23,2024-03-07T10:00:00,2024-03-12T10:00:00,22G1,GENERAL,1050,American Rail Company
4182,,4180,CAMTR-ST,USCHI-RT,23,2024-03-07T10:00:00,2024-03-12T10:00:00,22G1,DANGEROUS,1250,American Rail Company
4183,,4180,CAMTR-ST,USCHI-RT,23,2024-03-07T10:00:00,2024-03-12T10:00:00,42R1,GENERAL,1150,American Rail Company
4184,,4180,CAMTR-ST,USCHI-RT,23,2024-03-07T10:00:00,2024-03-12T10:00:00,42R1,DANGEROUS,1350,American Rail Company
4185,,4180,CAMTR-ST,USCHI-RT,23,2024-03-07T10:00:00,2024-03-12T10:00:00,42P1,OUT_OF_GAUGE,2050,American Rail Company
4191,4180.0,4190,USCHI-RT,USORF-ST,21,2024-03-13T10:00:00,2024-03-17T10:00:00,22G1,GENERAL,1150,American Rail Company
4192,4180.0,4190,USCHI-RT,USORF-ST,21,2024-03-13T10:00:00,2024-03-17T10:00:00,22G1,DANGEROUS,1350,American Rail Company
4193,4180.0,4190,USCHI-RT,USORF-ST,21,2024-03-13T10:00:00,2024-03-17T10:00:00,42R1,GENERAL,1250,American Rail Company
4194,4180.0,4190,USCHI-RT,USORF-ST,21,2024-03-13T10:00:00,2024-03-17T10:00:00,42R1,DANGEROUS,1450,American Rail Company
4195,4180.0,4190,USCHI-RT,USORF-ST,21,2024-03-13T10:00:00,2024-03-17T10:00:00,42P1,OUT_OF_GAUGE,2150,American Rail Company
4201,,4200,CAMTR-ST,USCHI-RT,23,2024-03-14T10:00:00,2024-03-19T10:00:00,22G1,GENERAL,1050,American Rail Company
4202,,4200,CAMTR-ST,USCHI-RT,23,2024-03-14T10:00:00,2024-03-19T10:00:00,22G1,DANGEROUS,1250,American Rail Company
4203,,4200,CAMTR-ST,USCHI-RT,23,2024-03-14T10:00:00,2024-03-19T10:00:00,42R1,GENERAL,1150,American Rail Company
4204,,4200,CAMTR-ST,USCHI-RT,23,2024-03-14T10:00:00,2024-03-19T10:00:00,42R1,DANGEROUS,1350,American Rail Company
4205,,4200,CAMTR-ST,USCHI-RT,23,2024-03-14T10:00:00,2024-03-19T10:00:00,42P1,OUT_OF_GAUGE,2050,American Rail Company
4211,4200.0,4210,USCHI-RT,USORF-ST,21,2024-03-20T10:00:00,2024-03-24T10:00:00,22G1,GENERAL,1150,American Rail Company
4212,4200.0,4210,USCHI-RT,USORF-ST,21,2024-03-20T10:00:00,2024-03-24T10:00:00,22G1,DANGEROUS,1350,American Rail Company
4213,4200.0,4210,USCHI-RT,USORF-ST,21,2024-03-20T10:00:00,2024-03-24T10:00:00,42R1,GENERAL,1250,American Rail Company
4214,4200.0,4210,USCHI-RT,USORF-ST,21,2024-03-20T10:00:00,2024-03-24T10:00:00,42R1,DANGEROUS,1450,American Rail Company
4215,4200.0,4210,USCHI-RT,USORF-ST,21,2024-03-20T10:00:00,2024-03-24T10:00:00,42P1,OUT_OF_GAUGE,2150,American Rail Company
4221,,4220,CAMTR-ST,USCHI-RT,23,2024-03-21T10:00:00,2024-03-26T10:00:00,22G1,GENERAL,1050,American Rail Company
4222,,4220,CAMTR-ST,USCHI-RT,23,2024-03-21T10:00:00,2024-03-26T10:00:00,22G1,DANGEROUS,1250,American Rail Company
4223,,4220,CAMTR-ST,USCHI-RT,23,2024-03-21T10:00:00,2024-03-26T10:00:00,42R1,GENERAL,1150,American Rail Company
4224,,4220,CAMTR-ST,USCHI-RT,23,2024-03-21T10:00:00,2024-03-26T10:00:00,42R1,DANGEROUS,1350,American Rail Company
4225,,4220,CAMTR-ST,USCHI-RT,23,2024-03-21T10:00:00,2024-03-26T10:00:00,42P1,OUT_OF_GAUGE,2050,American Rail Company
4231,4220.0,4230,USCHI-RT,USORF-ST,21,2024-03-27T10:00:00,2024-03-31T10:00:00,22G1,GENERAL,1150,American Rail Company
4232,4220.0,4230,USCHI-RT,USORF-ST,21,2024-03-27T10:00:00,2024-03-31T10:00:00,22G1,DANGEROUS,1350,American Rail Company
4233,4220.0,4230,USCHI-RT,USORF-ST,21,2024-03-27T10:00:00,2024-03-31T10:00:00,42R1,GENERAL,1250,American Rail Company
4234,4220.0,4230,USCHI-RT,USORF-ST,21,2024-03-27T10:00:00,2024-03-31T10:00:00,42R1,DANGEROUS,1450,American Rail Company
4235,4220.0,4230,USCHI-RT,USORF-ST,21,2024-03-27T10:00:00,2024-03-31T10:00:00,42P1,OUT_OF_GAUGE,2150,American Rail Company
4241,,4240,CAMTR-ST,USCHI-RT,23,2024-03-28T10:00:00,2024-04-02T10:00:00,22G1,GENERAL,1050,American Rail Company
4242,,4240,CAMTR-ST,USCHI-RT,23,2024-03-28T10:00:00,2024-04-02T10:00:00,22G1,DANGEROUS,1250,American Rail Company
4243,,4240,CAMTR-ST,USCHI-RT,23,2024-03-28T10:00:00,2024-04-02T10:00:00,42R1,GENERAL,1150,American Rail Company
4244,,4240,CAMTR-ST,USCHI-RT,23,2024-03-28T10:00:00,2024-04-02T10:00:00,42R1,DANGEROUS,1350,American Rail Company
4245,,4240,CAMTR-ST,USCHI-RT,23,2024-03-28T10:00:00,2024-04-02T10:00:00,42P1,OUT_OF_GAUGE,2050,American Rail Company
4251,4240.0,4250,USCHI-RT,USORF-ST,21,2024-04-03T10:00:00,2024-04-07T10:00:00,22G1,GENERAL,1150,American Rail Company
4252,4240.0,4250,USCHI-RT,USORF-ST,21,2024-04-03T10:00:00,2024-04-07T10:00:00,22G1,DANGEROUS,1350,American Rail Company
4253,4240.0,4250,USCHI-RT,USORF-ST,21,2024-04-03T10:00:00,2024-04-07T10:00:00,42R1,GENERAL,1250,American Rail Company
4254,4240.0,4250,USCHI-RT,USORF-ST,21,2024-04-03T10:00:00,2024-04-07T10:00:00,42R1,DANGEROUS,1450,American Rail Company
4255,4240.0,4250,USCHI-RT,USORF-ST,21,2024-04-03T10:00:00,2024-04-07T10:00:00,42P1,OUT_OF_GAUGE,2150,American Rail Company
4261,,4260,CAMTR-ST,USCHI-RT,23,2024-04-04T10:00:00,2024-04-09T10:00:00,22G1,GENERAL,1050,American Rail Company
4262,,4260,CAMTR-ST,USCHI-RT,23,2024-04-04T10:00:00,2024-04-09T10:00:00,22G1,DANGEROUS,1250,American Rail Company
4263,,4260,CAMTR-ST,USCHI-RT,23,2024-04-04T10:00:00,2024-04-09T10:00:00,42R1,GENERAL,1150,American Rail Company
4264,,4260,CAMTR-ST,USCHI-RT,23,2024-04-04T10:00:00,2024-04-09T10:00:00,42R1,DANGEROUS,1350,American Rail Company
4265,,4260,CAMTR-ST,USCHI-RT,23,2024-04-04T10:00:00,2024-04-09T10:00:00,42P1,OUT_OF_GAUGE,2050,American Rail Company
5001,5000.0,5010,USCHI-RT,CAMTR-ST,23,2024-01-06T10:00:00,2024-01-11T10:00:00,22G1,GENERAL,1050,American Rail Company
5002,5000.0,5010,USCHI-RT,CAMTR-ST,23,2024-01-06T10:00:00,2024-01-11T10:00:00,22G1,DANGEROUS,1250,American Rail Company
5003,5000.0,5010,USCHI-RT,CAMTR-ST,23,2024-01-06T10:00:00,2024-01-11T10:00:00,42R1,GENERAL,1150,American Rail Company
5004,5000.0,5010,USCHI-RT,CAMTR-ST,23,2024-01-06T10:00:00,2024-01-11T10:00:00,42R1,DANGEROUS,1350,American Rail Company
5005,5000.0,5010,USCHI-RT,CAMTR-ST,23,2024-01-06T10:00:00,2024-01-11T10:00:00,42P1,OUT_OF_GAUGE,2050,American Rail Company
5011,,5000,USORF-ST,USCHI-RT,21,2024-01-01T10:00:00,2024-01-05T10:00:00,22G1,GENERAL,1150,American Rail Company
5012,,5000,USORF-ST,USCHI-RT,21,2024-01-01T10:00:00,2024-01-05T10:00:00,22G1,DANGEROUS,1350,American Rail Company
5013,,5000,USORF-ST,USCHI-RT,21,2024-01-01T10:00:00,2024-01-05T10:00:00,42R1,GENERAL,1250,American Rail Company
5014,,5000,USORF-ST,USCHI-RT,21,2024-01-01T10:00:00,2024-01-05T10:00:00,42R1,DANGEROUS,1450,American Rail Company
5015,,5000,USORF-ST,USCHI-RT,21,2024-01-01T10:00:00,2024-01-05T10:00:00,42P1,OUT_OF_GAUGE,2150,American Rail Company
5021,5020.0,5030,USCHI-RT,CAMTR-ST,23,2024-01-13T10:00:00,2024-01-18T10:00:00,22G1,GENERAL,1050,American Rail Company
5022,5020.0,5030,USCHI-RT,CAMTR-ST,23,2024-01-13T10:00:00,2024-01-18T10:00:00,22G1,DANGEROUS,1250,American Rail Company
5023,5020.0,5030,USCHI-RT,CAMTR-ST,23,2024-01-13T10:00:00,2024-01-18T10:00:00,42R1,GENERAL,1150,American Rail Company
5024,5020.0,5030,USCHI-RT,CAMTR-ST,23,2024-01-13T10:00:00,2024-01-18T10:00:00,42R1,DANGEROUS,1350,American Rail Company
5025,5020.0,5030,USCHI-RT,CAMTR-ST,23,2024-01-13T10:00:00,2024-01-18T10:00:00,42P1,OUT_OF_GAUGE,2050,American Rail Company
5031,,5020,USORF-ST,USCHI-RT,21,2024-01-08T10:00:00,2024-01-12T10:00:00,22G1,GENERAL,1150,American Rail Company
5032,,5020,USORF-ST,USCHI-RT,21,2024-01-08T10:00:00,2024-01-12T10:00:00,22G1,DANGEROUS,1350,American Rail Company
5033,,5020,USORF-ST,USCHI-RT,21,2024-01-08T10:00:00,2024-01-12T10:00:00,42R1,GENERAL,1250,American Rail Company
5034,,5020,USORF-ST,USCHI-RT,21,2024-01-08T10:00:00,2024-01-12T10:00:00,42R1,DANGEROUS,1450,American Rail Company
5035,,5020,USORF-ST,USCHI-RT,21,2024-01-08T10:00:00,2024-01-12T10:00:00,42P1,OUT_OF_GAUGE,2150,American Rail Company
5041,5040.0,5050,USCHI-RT,CAMTR-ST,23,2024-01-20T10:00:00,2024-01-25T10:00:00,22G1,GENERAL,1050,American Rail Company
5042,5040.0,5050,USCHI-RT,CAMTR-ST,23,2024-01-20T10:00:00,2024-01-25T10:00:00,22G1,DANGEROUS,1250,American Rail Company
5043,5040.0,5050,USCHI-RT,CAMTR-ST,23,2024-01-20T10:00:00,2024-01-25T10:00:00,42R1,GENERAL,1150,American Rail Company
5044,5040.0,5050,USCHI-RT,CAMTR-ST,23,2024-01-20T10:00:00,2024-01-25T10:00:00,42R1,DANGEROUS,1350,American Rail Company
5045,5040.0,5050,USCHI-RT,CAMTR-ST,23,2024-01-20T10:00:00,2024-01-25T10:00:00,42P1,OUT_OF_GAUGE,2050,American Rail Company
5051,,5040,USORF-ST,USCHI-RT,21,2024-01-15T10:00:00,2024-01-19T10:00:00,22G1,GENERAL,1150,American Rail Company
5052,,5040,USORF-ST,USCHI-RT,21,2024-01-15T10:00:00,2024-01-19T10:00:00,22G1,DANGEROUS,1350,American Rail Company
5053,,5040,USORF-ST,USCHI-RT,21,2024-01-15T10:00:00,2024-01-19T10:00:00,42R1,GENERAL,1250,American Rail Company
5054,,5040,USORF-ST,USCHI-RT,21,2024-01-15T10:00:00,2024-01-19T10:00:00,42R1,DANGEROUS,1450,American Rail Company
5055,,5040,USORF-ST,USCHI-RT,21,2024-01-15T10:00:00,2024-01-19T10:00:00,42P1,OUT_OF_GAUGE,2150,American Rail Company
5061,5060.0,5070,USCHI-RT,CAMTR-ST,23,2024-01-27T10:00:00,2024-02-01T10:00:00,22G1,GENERAL,1050,American Rail Company
5062,5060.0,5070,USCHI-RT,CAMTR-ST,23,2024-01-27T10:00:00,2024-02-01T10:00:00,22G1,DANGEROUS,1250,American Rail Company
5063,5060.0,5070,USCHI-RT,CAMTR-ST,23,2024-01-27T10:00:00,2024-02-01T10:00:00,42R1,GENERAL,1150,American Rail Company
5064,5060.0,5070,USCHI-RT,CAMTR-ST,23,2024-01-27T10:00:00,2024-02-01T10:00:00,42R1,DANGEROUS,1350,American Rail Company
5065,5060.0,5070,USCHI-RT,CAMTR-ST,23,2024-01-27T10:00:00,2024-02-01T10:00:00,42P1,OUT_OF_GAUGE,2050,American Rail Company
5071,,5060,USORF-ST,USCHI-RT,21,2024-01-22T10:00:00,2024-01-26T10:00:00,22G1,GENERAL,1150,American Rail Company
5072,,5060,USORF-ST,USCHI-RT,21,2024-01-22T10:00:00,2024-01-26T10:00:00,22G1,DANGEROUS,1350,American Rail Company
5073,,5060,USORF-ST,USCHI-RT,21,2024-01-22T10:00:00,2024-01-26T10:00:00,42R1,GENERAL,1250,American Rail Company
5074,,5060,USORF-ST,USCHI-RT,21,2024-01-22T10:00:00,2024-01-26T10:00:00,42R1,DANGEROUS,1450,American Rail Company
5075,,5060,USORF-ST,USCHI-RT,21,2024-01-22T10:00:00,2024-01-26T10:00:00,42P1,OUT_OF_GAUGE,2150,American Rail Company
5081,5080.0,5090,USCHI-RT,CAMTR-ST,23,2024-02-03T10:00:00,2024-02-08T10:00:00,22G1,GENERAL,1050,American Rail Company
5082,5080.0,5090,USCHI-RT,CAMTR-ST,23,2024-02-03T10:00:00,2024-02-08T10:00:00,22G1,DANGEROUS,1250,American Rail Company
5083,5080.0,5090,USCHI-RT,CAMTR-ST,23,2024-02-03T10:00:00,2024-02-08T10:00:00,42R1,GENERAL,1150,American Rail Company
5084,5080.0,5090,USCHI-RT,CAMTR-ST,23,2024-02-03T10:00:00,2024-02-08T10:00:00,42R1,DANGEROUS,1350,American Rail Company
5085,5080.0,5090,USCHI-RT,CAMTR-ST,23,2024-02-03T10:00:00,2024-02-08T10:00:00,42P1,OUT_OF_GAUGE,2050,American Rail Company
5091,,5080,USORF-ST,USCHI-RT,21,2024-01-29T10:00:00,2024-02-02T10:00:00,22G1,GENERAL,1150,American Rail Company
5092,,5080,USORF-ST,USCHI-RT,21,2024-01-29T10:00:00,2024-02-02T10:00:00,22G1,DANGEROUS,1350,American Rail Company
5093,,5080,USORF-ST,USCHI-RT,21,2024-01-29T10:00:00,2024-02-02T10:00:00,42R1,GENERAL,1250,American Rail Company
5094,,5080,USORF-ST,USCHI-RT,21,2024-01-29T10:00:00,2024-02-02T10:00:00,42R1,DANGEROUS,1450,American Rail Company
5095,,5080,USORF-ST,USCHI-RT,21,2024-01-29T10:00:00,2024-02-02T10:00:00,42P1,OUT_OF_GAUGE,2150,American Rail Company
5101,5100.0,5110,USCHI-RT,CAMTR-ST,23,2024-02-10T10:00:00,2024-02-15T10:00:00,22G1,GENERAL,1050,American Rail Company
5102,5100.0,5110,USCHI-RT,CAMTR-ST,23,2024-02-10T10:00:00,2024-02-15T10:00:00,22G1,DANGEROUS,1250,American Rail Company
5103,5100.0,5110,USCHI-RT,CAMTR-ST,23,2024-02-10T10:00:00,2024-02-15T10:00:00,42R1,GENERAL,1150,American Rail Company
5104,5100.0,5110,USCHI-RT,CAMTR-ST,23,2024-02-10T10:00:00,2024-02-15T10:00:00,42R1,DANGEROUS,1350,American Rail Company
5105,5100.0,5110,USCHI-RT,CAMTR-ST,23,2024-02-10T10:00:00,2024-02-15T10:00:00,42P1,OUT_OF_GAUGE,2050,American Rail Company
5111,,5100,USORF-ST,USCHI-RT,21,2024-02-05T10:00:00,2024-02-09T10:00:00,22G1,GENERAL,1150,American Rail Company
5112,,5100,USORF-ST,USCHI-RT,21,2024-02-05T10:00:00,2024-02-09T10:00:00,22G1,DANGEROUS,1350,American Rail Company
5113,,5100,USORF-ST,USCHI-RT,21,2024-02-05T10:00:00,2024-02-09T10:00:00,42R1,GENERAL,1250,American Rail Company
5114,,5100,USORF-ST,USCHI-RT,21,2024-02-05T10:00:00,2024-02-09T10:00:00,42R1,DANGEROUS,1450,American Rail Company
5115,,5100,USORF-ST,USCHI-RT,21,2024-02-05T10:00:00,2024-02-09T10:00:00,42P1,OUT_OF_GAUGE,2150,American Rail Company
5121,5120.0,5130,USCHI-RT,CAMTR-ST,23,2024-02-17T10:00:00,2024-02-22T10:00:00,22G1,GENERAL,1050,American Rail Company
5122,5120.0,5130,USCHI-RT,CAMTR-ST,23,2024-02-17T10:00:00,2024-02-22T10:00:00,22G1,DANGEROUS,1250,American Rail Company
5123,5120.0,5130,USCHI-RT,CAMTR-ST,23,2024-02-17T10:00:00,2024-02-22T10:00:00,42R1,GENERAL,1150,American Rail Company
5124,5120.0,5130,USCHI-RT,CAMTR-ST,23,2024-02-17T10:00:00,2024-02-22T10:00:00,42R1,DANGEROUS,1350,American Rail Company
5125,5120.0,5130,USCHI-RT,CAMTR-ST,23,2024-02-17T10:00:00,2024-02-22T10:00:00,42P1,OUT_OF_GAUGE,2050,American Rail Company
5131,,5120,USORF-ST,USCHI-RT,21,2024-02-12T10:00:00,2024-02-16T10:00:00,22G1,GENERAL,1150,American Rail Company
5132,,5120,USORF-ST,USCHI-RT,21,2024-02-12T10:00:00,2024-02-16T10:00:00,22G1,DANGEROUS,1350,American Rail Company
5133,,5120,USORF-ST,USCHI-RT,21,2024-02-12T10:00:00,2024-02-16T10:00:00,42R1,GENERAL,1250,American Rail Company
5134,,5120,USORF-ST,USCHI-RT,21,2024-02-12T10:00:00,2024-02-16T10:00:00,42R1,DANGEROUS,1450,American Rail Company
5135,,5120,USORF-ST,USCHI-RT,21,2024-02-12T10:00:00,2024-02-16T10:00:00,42P1,OUT_OF_GAUGE,2150,American Rail Company
5141,5140.0,5150,USCHI-RT,CAMTR-ST,23,2024-02-24T10:00:00,2024-02-29T10:00:00,22G1,GENERAL,1050,American Rail Company
5142,5140.0,5150,USCHI-RT,CAMTR-ST,23,2024-02-24T10:00:00,2024-02-29T10:00:00,22G1,DANGEROUS,1250,American Rail Company
5143,5140.0,5150,USCHI-RT,CAMTR-ST,23,2024-02-24T10:00:00,2024-02-29T10:00:00,42R1,GENERAL,1150,American Rail Company
5144,5140.0,5150,USCHI-RT,CAMTR-ST,23,2024-02-24T10:00:00,2024-02-29T10:00:00,42R1,DANGEROUS,1350,American Rail Company
5145,5140.0,5150,USCHI-RT,CAMTR-ST,23,2024-02-24T10:00:00,2024-02-29T10:00:00,42P1,OUT_OF_GAUGE,2050,American Rail Company
5151,,5140,USORF-ST,USCHI-RT,21,2024-02-19T10:00:00,2024-02-23T10:00:00,22G1,GENERAL,1150,American Rail Company
5152,,5140,USORF-ST,USCHI-RT,21,2024-02-19T10:00:00,2024-02-23T10:00:00,22G1,DANGEROUS,1350,American Rail Company
5153,,5140,USORF-ST,USCHI-RT,21,2024-02-19T10:00:00,2024-02-23T10:00:00,42R1,GENERAL,1250,American Rail Company
5154,,5140,USORF-ST,USCHI-RT,21,2024-02-19T10:00:00,2024-02-23T10:00:00,42R1,DANGEROUS,1450,American Rail Company
5155,,5140,USORF-ST,USCHI-RT,21,2024-02-19T10:00:00,2024-02-23T10:00:00,42P1,OUT_OF_GAUGE,2150,American Rail Company
5161,5160.0,5170,USCHI-RT,CAMTR-ST,23,2024-03-02T10:00:00,2024-03-07T10:00:00,22G1,GENERAL,1050,American Rail Company
5162,5160.0,5170,USCHI-RT,CAMTR-ST,23,2024-03-02T10:00:00,2024-03-07T10:00:00,22G1,DANGEROUS,1250,American Rail Company
5163,5160.0,5170,USCHI-RT,CAMTR-ST,23,2024-03-02T10:00:00,2024-03-07T10:00:00,42R1,GENERAL,1150,American Rail Company
5164,5160.0,5170,USCHI-RT,CAMTR-ST,23,2024-03-02T10:00:00,2024-03-07T10:00:00,42R1,DANGEROUS,1350,American Rail Company
5165,5160.0,5170,USCHI-RT,CAMTR-ST,23,2024-03-02T10:00:00,2024-03-07T10:00:00,42P1,OUT_OF_GAUGE,2050,American Rail Company
5171,,5160,USORF-ST,USCHI-RT,21,2024-02-26T10:00:00,2024-03-01T10:00:00,22G1,GENERAL,1150,American Rail Company
5172,,5160,USORF-ST,USCHI-RT,21,2024-02-26T10:00:00,2024-03-01T10:00:00,22G1,DANGEROUS,1350,American Rail Company
5173,,5160,USORF-ST,USCHI-RT,21,2024-02-26T10:00:00,2024-03-01T10:00:00,42R1,GENERAL,1250,American Rail Company
5174,,5160,USORF-ST,USCHI-RT,21,2024-02-26T10:00:00,2024-03-01T10:00:00,42R1,DANGEROUS,1450,American Rail Company
5175,,5160,USORF-ST,USCHI-RT,21,2024-02-26T10:00:00,2024-03-01T10:00:00,42P1,OUT_OF_GAUGE,2150,American Rail Company
5181,5180.0,5190,USCHI-RT,CAMTR-ST,23,2024-03-09T10:00:00,2024-03-14T10:00:00,22G1,GENERAL,1050,American Rail Company
5182,5180.0,5190,USCHI-RT,CAMTR-ST,23,2024-03-09T10:00:00,2024-03-14T10:00:00,22G1,DANGEROUS,1250,American Rail Company
5183,5180.0,5190,USCHI-RT,CAMTR-ST,23,2024-03-09T10:00:00,2024-03-14T10:00:00,42R1,GENERAL,1150,American Rail Company
5184,5180.0,5190,USCHI-RT,CAMTR-ST,23,2024-03-09T10:00:00,2024-03-14T10:00:00,42R1,DANGEROUS,1350,American Rail Company
5185,5180.0,5190,USCHI-RT,CAMTR-ST,23,2024-03-09T10:00:00,2024-03-14T10:00:00,42P1,OUT_OF_GAUGE,2050,American Rail Company
5191,,5180,USORF-ST,USCHI-RT,21,2024-03-04T10:00:00,2024-03-08T10:00:00,22G1,GENERAL,1150,American Rail Company
5192,,5180,USORF-ST,USCHI-RT,21,2024-03-04T10:00:00,2024-03-08T10:00:00,22G1,DANGEROUS,1350,American Rail Company
5193,,5180,USORF-ST,USCHI-RT,21,2024-03-04T10:00:00,2024-03-08T10:00:00,42R1,GENERAL,1250,American Rail Company
5194,,5180,USORF-ST,USCHI-RT,21,2024-03-04T10:00:00,2024-03-08T10:00:00,42R1,DANGEROUS,1450,American Rail Company
5195,,5180,USORF-ST,USCHI-RT,21,2024-03-04T10:00:00,2024-03-08T10:00:00,42P1,OUT_OF_GAUGE,2150,American Rail Company
5201,5200.0,5210,USCHI-RT,CAMTR-ST,23,2024-03-16T10:00:00,2024-03-21T10:00:00,22G1,GENERAL,1050,American Rail Company
5202,5200.0,5210,USCHI-RT,CAMTR-ST,23,2024-03-16T10:00:00,2024-03-21T10:00:00,22G1,DANGEROUS,1250,American Rail Company
5203,5200.0,5210,USCHI-RT,CAMTR-ST,23,2024-03-16T10:00:00,2024-03-21T10:00:00,42R1,GENERAL,1150,American Rail Company
5204,5200.0,5210,USCHI-RT,CAMTR-ST,23,2024-03-16T10:00:00,2024-03-21T10:00:00,42R1,DANGEROUS,1350,American Rail Company
5205,5200.0,5210,USCHI-RT,CAMTR-ST,23,2024-03-16T10:00:00,2024-03-21T10:00:00,42P1,OUT_OF_GAUGE,2050,American Rail Company
5211,,5200,USORF-ST,USCHI-RT,21,2024-03-11T10:00:00,2024-03-15T10:00:00,22G1,GENERAL,1150,American Rail Company
5212,,5200,USORF-ST,USCHI-RT,21,2024-03-11T10:00:00,2024-03-15T10:00:00,22G1,DANGEROUS,1350,American Rail Company
5213,,5200,USORF-ST,USCHI-RT,21,2024-03-11T10:00:00,2024-03-15T10:00:00,42R1,GENERAL,1250,American Rail Company
5214,,5200,USORF-ST,USCHI-RT,21,2024-03-11T10:00:00,2024-03-15T10:00:00,42R1,DANGEROUS,1450,American Rail Company
5215,,5200,USORF-ST,USCHI-RT,21,2024-03-11T10:00:00,2024-03-15T10:00:00,42P1,OUT_OF_GAUGE,2150,American Rail Company
5221,5220.0,5230,USCHI-RT,CAMTR-ST,23,2024-03-23T10:00:00,2024-03-28T10:00:00,22G1,GENERAL,1050,American Rail Company
5222,5220.0,5230,USCHI-RT,CAMTR-ST,23,2024-03-23T10:00:00,2024-03-28T10:00:00,22G1,DANGEROUS,1250,American Rail Company
5223,5220.0,5230,USCHI-RT,CAMTR-ST,23,2024-03-23T10:00:00,2024-03-28T10:00:00,42R1,GENERAL,1150,American Rail Company
5224,5220.0,5230,USCHI-RT,CAMTR-ST,23,2024-03-23T10:00:00,2024-03-28T10:00:00,42R1,DANGEROUS,1350,American Rail Company
5225,5220.0,5230,USCHI-RT,CAMTR-ST,23,2024-03-23T10:00:00,2024-03-28T10:00:00,42P1,OUT_OF_GAUGE,2050,American Rail Company
5231,,5220,USORF-ST,USCHI-RT,21,2024-03-18T10:00:00,2024-03-22T10:00:00,22G1,GENERAL,1150,American Rail Company
5232,,5220,USORF-ST,USCHI-RT,21,2024-03-18T10:00:00,2024-03-22T10:00:00,22G1,DANGEROUS,1350,American Rail Company
5233,,5220,USORF-ST,USCHI-RT,21,2024-03-18T10:00:00,2024-03-22T10:00:00,42R1,GENERAL,1250,American Rail Company
5234,,5220,USORF-ST,USCHI-RT,21,2024-03-18T10:00:00,2024-03-22T10:00:00,42R1,DANGEROUS,1450,American Rail Company
5235,,5220,USORF-ST,USCHI-RT,21,2024-03-18T10:00:00,2024-03-22T10:00:00,42P1,OUT_OF_GAUGE,2150,American Rail Company
5241,5240.0,5250,USCHI-RT,CAMTR-ST,23,2024-03-30T10:00:00,2024-04-04T10:00:00,22G1,GENERAL,1050,American Rail Company
5242,5240.0,5250,USCHI-RT,CAMTR-ST,23,2024-03-30T10:00:00,2024-04-04T10:00:00,22G1,DANGEROUS,1250,American Rail Company
5243,5240.0,5250,USCHI-RT,CAMTR-ST,23,2024-03-30T10:00:00,2024-04-04T10:00:00,42R1,GENERAL,1150,American Rail Company
5244,5240.0,5250,USCHI-RT,CAMTR-ST,23,2024-03-30T10:00:00,2024-04-04T10:00:00,42R1,DANGEROUS,1350,American Rail Company
5245,5240.0,5250,USCHI-RT,CAMTR-ST,23,2024-03-30T10:00:00,2024-04-04T10:00:00,42P1,OUT_OF_GAUGE,2050,American Rail Company
5251,,5240,USORF-ST,USCHI-RT,21,2024-03-25T10:00:00,2024-03-29T10:00:00,22G1,GENERAL,1150,American Rail Company
5252,,5240,USORF-ST,USCHI-RT,21,2024-03-25T10:00:00,2024-03-29T10:00:00,22G1,DANGEROUS,1350,American Rail Company
5253,,5240,USORF-ST,USCHI-RT,21,2024-03-25T10:00:00,2024-03-29T10:00:00,42R1,GENERAL,1250,American Rail Company
5254,,5240,USORF-ST,USCHI-RT,21,2024-03-25T10:00:00,2024-03-29T10:00:00,42R1,DANGEROUS,1450,American Rail Company
5255,,5240,USORF-ST,USCHI-RT,21,2024-03-25T10:00:00,2024-03-29T10:00:00,42P1,OUT_OF_GAUGE,2150,American Rail Company
5271,,5260,USORF-ST,USCHI-RT,21,2024-04-01T10:00:00,2024-04-05T10:00:00,22G1,GENERAL,1150,American Rail Company
5272,,5260,USORF-ST,USCHI-RT,21,2024-04-01T10:00:00,2024-04-05T10:00:00,22G1,DANGEROUS,1350,American Rail Company
5273,,5260,USORF-ST,USCHI-RT,21,2024-04-01T10:00:00,2024-04-05T10:00:00,42R1,GENERAL,1250,American Rail Company
5274,,5260,USORF-ST,USCHI-RT,21,2024-04-01T10:00:00,2024-04-05T10:00:00,42R1,DANGEROUS,1450,American Rail Company
5275,,5260,USORF-ST,USCHI-RT,21,2024-04-01T10:00:00,2024-04-05T10:00:00,42P1,OUT_OF_GAUGE,2150,American Rail Company
6001,6000.0,6010,USCHI-RT,CAMTR-ST,23,2024-01-09T10:00:00,2024-01-14T10:00:00,22G1,GENERAL,1050,American Rail Company
6002,6000.0,6010,USCHI-RT,CAMTR-ST,23,2024-01-09T10:00:00,2024-01-14T10:00:00,22G1,DANGEROUS,1250,American Rail Company
6003,6000.0,6010,USCHI-RT,CAMTR-ST,23,2024-01-09T10:00:00,2024-01-14T10:00:00,42R1,GENERAL,1150,American Rail Company
6004,6000.0,6010,USCHI-RT,CAMTR-ST,23,2024-01-09T10:00:00,2024-01-14T10:00:00,42R1,DANGEROUS,1350,American Rail Company
6005,6000.0,6010,USCHI-RT,CAMTR-ST,23,2024-01-09T10:00:00,2024-01-14T10:00:00,42P1,OUT_OF_GAUGE,2050,American Rail Company
6011,,6000,USORF-ST,USCHI-RT,21,2024-01-04T10:00:00,2024-01-08T10:00:00,22G1,GENERAL,1150,American Rail Company
6012,,6000,USORF-ST,USCHI-RT,21,2024-01-04T10:00:00,2024-01-08T10:00:00,22G1,DANGEROUS,1350,American Rail Company
6013,,6000,USORF-ST,USCHI-RT,21,2024-01-04T10:00:00,2024-01-08T10:00:00,42R1,GENERAL,1250,American Rail Company
6014,,6000,USORF-ST,USCHI-RT,21,2024-01-04T10:00:00,2024-01-08T10:00:00,42R1,DANGEROUS,1450,American Rail Company
6015,,6000,USORF-ST,USCHI-RT,21,2024-01-04T10:00:00,2024-01-08T10:00:00,42P1,OUT_OF_GAUGE,2150,American Rail Company
6021,6020.0,6030,USCHI-RT,CAMTR-ST,23,2024-01-16T10:00:00,2024-01-21T10:00:00,22G1,GENERAL,1050,American Rail Company
6022,6020.0,6030,USCHI-RT,CAMTR-ST,23,2024-01-16T10:00:00,2024-01-21T10:00:00,22G1,DANGEROUS,1250,American Rail Company
6023,6020.0,6030,USCHI-RT,CAMTR-ST,23,2024-01-16T10:00:00,2024-01-21T10:00:00,42R1,GENERAL,1150,American Rail Company
6024,6020.0,6030,USCHI-RT,CAMTR-ST,23,2024-01-16T10:00:00,2024-01-21T10:00:00,42R1,DANGEROUS,1350,American Rail Company
6025,6020.0,6030,USCHI-RT,CAMTR-ST,23,2024-01-16T10:00:00,2024-01-21T10:00:00,42P1,OUT_OF_GAUGE,2050,American Rail Company
6031,,6020,USORF-ST,USCHI-RT,21,2024-01-11T10:00:00,2024-01-15T10:00:00,22G1,GENERAL,1150,American Rail Company
6032,,6020,USORF-ST,USCHI-RT,21,2024-01-11T10:00:00,2024-01-15T10:00:00,22G1,DANGEROUS,1350,American Rail Company
6033,,6020,USORF-ST,USCHI-RT,21,2024-01-11T10:00:00,2024-01-15T10:00:00,42R1,GENERAL,1250,American Rail Company
6034,,6020,USORF-ST,USCHI-RT,21,2024-01-11T10:00:00,2024-01-15T10:00:00,42R1,DANGEROUS,1450,American Rail Company
6035,,6020,USORF-ST,USCHI-RT,21,2024-01-11T10:00:00,2024-01-15T10:00:00,42P1,OUT_OF_GAUGE,2150,American Rail Company
6041,6040.0,6050,USCHI-RT,CAMTR-ST,23,2024-01-23T10:00:00,2024-01-28T10:00:00,22G1,GENERAL,1050,American Rail Company
6042,6040.0,6050,USCHI-RT,CAMTR-ST,23,2024-01-23T10:00:00,2024-01-28T10:00:00,22G1,DANGEROUS,1250,American Rail Company
6043,6040.0,6050,USCHI-RT,CAMTR-ST,23,2024-01-23T10:00:00,2024-01-28T10:00:00,42R1,GENERAL,1150,American Rail Company
6044,6040.0,6050,USCHI-RT,CAMTR-ST,23,2024-01-23T10:00:00,2024-01-28T10:00:00,42R1,DANGEROUS,1350,American Rail Company
6045,6040.0,6050,USCHI-RT,CAMTR-ST,23,2024-01-23T10:00:00,2024-01-28T10:00:00,42P1,OUT_OF_GAUGE,2050,American Rail Company
6051,,6040,USORF-ST,USCHI-RT,21,2024-01-18T10:00:00,2024-01-22T10:00:00,22G1,GENERAL,1150,American Rail Company
6052,,6040,USORF-ST,USCHI-RT,21,2024-01-18T10:00:00,2024-01-22T10:00:00,22G1,DANGEROUS,1350,American Rail Company
6053,,6040,USORF-ST,USCHI-RT,21,2024-01-18T10:00:00,2024-01-22T10:00:00,42R1,GENERAL,1250,American Rail Company
6054,,6040,USORF-ST,USCHI-RT,21,2024-01-18T10:00:00,2024-01-22T10:00:00,42R1,DANGEROUS,1450,American Rail Company
6055,,6040,USORF-ST,USCHI-RT,21,2024-01-18T10:00:00,2024-01-22T10:00:00,42P1,OUT_OF_GAUGE,2150,American Rail Company
6061,6060.0,6070,USCHI-RT,CAMTR-ST,23,2024-01-30T10:00:00,2024-02-04T10:00:00,22G1,GENERAL,1050,American Rail Company
6062,6060.0,6070,USCHI-RT,CAMTR-ST,23,2024-01-30T10:00:00,2024-02-04T10:00:00,22G1,DANGEROUS,1250,American Rail Company
6063,6060.0,6070,USCHI-RT,CAMTR-ST,23,2024-01-30T10:00:00,2024-02-04T10:00:00,42R1,GENERAL,1150,American Rail Company
6064,6060.0,6070,USCHI-RT,CAMTR-ST,23,2024-01-30T10:00:00,2024-02-04T10:00:00,42R1,DANGEROUS,1350,American Rail Company
6065,6060.0,6070,USCHI-RT,CAMTR-ST,23,2024-01-30T10:00:00,2024-02-04T10:00:00,42P1,OUT_OF_GAUGE,2050,American Rail Company
6071,,6060,USORF-ST,USCHI-RT,21,2024-01-25T10:00:00,2024-01-29T10:00:00,22G1,GENERAL,1150,American Rail Company
6072,,6060,USORF-ST,USCHI-RT,21,2024-01-25T10:00:00,2024-01-29T10:00:00,22G1,DANGEROUS,1350,American Rail Company
6073,,6060,USORF-ST,USCHI-RT,21,2024-01-25T10:00:00,2024-01-29T10:00:00,42R1,GENERAL,1250,American Rail Company
6074,,6060,USORF-ST,USCHI-RT,21,2024-01-25T10:00:00,2024-01-29T10:00:00,42R1,DANGEROUS,1450,American Rail Company
6075,,6060,USORF-ST,USCHI-RT,21,2024-01-25T10:00:00,2024-01-29T10:00:00,42P1,OUT_OF_GAUGE,2150,American Rail Company
6081,6080.0,6090,USCHI-RT,CAMTR-ST,23,2024-02-06T10:00:00,2024-02-11T10:00:00,22G1,GENERAL,1050,American Rail Company
6082,6080.0,6090,USCHI-RT,CAMTR-ST,23,2024-02-06T10:00:00,2024-02-11T10:00:00,22G1,DANGEROUS,1250,American Rail Company
6083,6080.0,6090,USCHI-RT,CAMTR-ST,23,2024-02-06T10:00:00,2024-02-11T10:00:00,42R1,GENERAL,1150,American Rail Company
6084,6080.0,6090,USCHI-RT,CAMTR-ST,23,2024-02-06T10:00:00,2024-02-11T10:00:00,42R1,DANGEROUS,1350,American Rail Company
6085,6080.0,6090,USCHI-RT,CAMTR-ST,23,2024-02-06T10:00:00,2024-02-11T10:00:00,42P1,OUT_OF_GAUGE,2050,American Rail Company
6091,,6080,USORF-ST,USCHI-RT,21,2024-02-01T10:00:00,2024-02-05T10:00:00,22G1,GENERAL,1150,American Rail Company
6092,,6080,USORF-ST,USCHI-RT,21,2024-02-01T10:00:00,2024-02-05T10:00:00,22G1,DANGEROUS,1350,American Rail Company
6093,,6080,USORF-ST,USCHI-RT,21,2024-02-01T10:00:00,2024-02-05T10:00:00,42R1,GENERAL,1250,American Rail Company
6094,,6080,USORF-ST,USCHI-RT,21,2024-02-01T10:00:00,2024-02-05T10:00:00,42R1,DANGEROUS,1450,American Rail Company
6095,,6080,USORF-ST,USCHI-RT,21,2024-02-01T10:00:00,2024-02-05T10:00:00,42P1,OUT_OF_GAUGE,2150,American Rail Company
6101,6100.0,6110,USCHI-RT,CAMTR-ST,23,2024-02-13T10:00:00,2024-02-18T10:00:00,22G1,GENERAL,1050,American Rail Company
6102,6100.0,6110,USCHI-RT,CAMTR-ST,23,2024-02-13T10:00:00,2024-02-18T10:00:00,22G1,DANGEROUS,1250,American Rail Company
6103,6100.0,6110,USCHI-RT,CAMTR-ST,23,2024-02-13T10:00:00,2024-02-18T10:00:00,42R1,GENERAL,1150,American Rail Company
6104,6100.0,6110,USCHI-RT,CAMTR-ST,23,2024-02-13T10:00:00,2024-02-18T10:00:00,42R1,DANGEROUS,1350,American Rail Company
6105,6100.0,6110,USCHI-RT,CAMTR-ST,23,2024-02-13T10:00:00,2024-02-18T10:00:00,42P1,OUT_OF_GAUGE,2050,American Rail Company
6111,,6100,USORF-ST,USCHI-RT,21,2024-02-08T10:00:00,2024-02-12T10:00:00,22G1,GENERAL,1150,American Rail Company
6112,,6100,USORF-ST,USCHI-RT,21,2024-02-08T10:00:00,2024-02-12T10:00:00,22G1,DANGEROUS,1350,American Rail Company
6113,,6100,USORF-ST,USCHI-RT,21,2024-02-08T10:00:00,2024-02-12T10:00:00,42R1,GENERAL,1250,American Rail Company
6114,,6100,USORF-ST,USCHI-RT,21,2024-02-08T10:00:00,2024-02-12T10:00:00,42R1,DANGEROUS,1450,American Rail Company
6115,,6100,USORF-ST,USCHI-RT,21,2024-02-08T10:00:00,2024-02-12T10:00:00,42P1,OUT_OF_GAUGE,2150,American Rail Company
6121,6120.0,6130,USCHI-RT,CAMTR-ST,23,2024-02-20T10:00:00,2024-02-25T10:00:00,22G1,GENERAL,1050,American Rail Company
6122,6120.0,6130,USCHI-RT,CAMTR-ST,23,2024-02-20T10:00:00,2024-02-25T10:00:00,22G1,DANGEROUS,1250,American Rail Company
6123,6120.0,6130,USCHI-RT,CAMTR-ST,23,2024-02-20T10:00:00,2024-02-25T10:00:00,42R1,GENERAL,1150,American Rail Company
6124,6120.0,6130,USCHI-RT,CAMTR-ST,23,2024-02-20T10:00:00,2024-02-25T10:00:00,42R1,DANGEROUS,1350,American Rail Company
6125,6120.0,6130,USCHI-RT,CAMTR-ST,23,2024-02-20T10:00:00,2024-02-25T10:00:00,42P1,OUT_OF_GAUGE,2050,American Rail Company
6131,,6120,USORF-ST,USCHI-RT,21,2024-02-15T10:00:00,2024-02-19T10:00:00,22G1,GENERAL,1150,American Rail Company
6132,,6120,USORF-ST,USCHI-RT,21,2024-02-15T10:00:00,2024-02-19T10:00:00,22G1,DANGEROUS,1350,American Rail Company
6133,,6120,USORF-ST,USCHI-RT,21,2024-02-15T10:00:00,2024-02-19T10:00:00,42R1,GENERAL,1250,American Rail Company
6134,,6120,USORF-ST,USCHI-RT,21,2024-02-15T10:00:00,2024-02-19T10:00:00,42R1,DANGEROUS,1450,American Rail Company
6135,,6120,USORF-ST,USCHI-RT,21,2024-02-15T10:00:00,2024-02-19T10:00:00,42P1,OUT_OF_GAUGE,2150,American Rail Company
6141,6140.0,6150,USCHI-RT,CAMTR-ST,23,2024-02-27T10:00:00,2024-03-03T10:00:00,22G1,GENERAL,1050,American Rail Company
6142,6140.0,6150,USCHI-RT,CAMTR-ST,23,2024-02-27T10:00:00,2024-03-03T10:00:00,22G1,DANGEROUS,1250,American Rail Company
6143,6140.0,6150,USCHI-RT,CAMTR-ST,23,2024-02-27T10:00:00,2024-03-03T10:00:00,42R1,GENERAL,1150,American Rail Company
6144,6140.0,6150,USCHI-RT,CAMTR-ST,23,2024-02-27T10:00:00,2024-03-03T10:00:00,42R1,DANGEROUS,1350,American Rail Company
6145,6140.0,6150,USCHI-RT,CAMTR-ST,23,2024-02-27T10:00:00,2024-03-03T10:00:00,42P1,OUT_OF_GAUGE,2050,American Rail Company
6151,,6140,USORF-ST,USCHI-RT,21,2024-02-22T10:00:00,2024-02-26T10:00:00,22G1,GENERAL,1150,American Rail Company
6152,,6140,USORF-ST,USCHI-RT,21,2024-02-22T10:00:00,2024-02-26T10:00:00,22G1,DANGEROUS,1350,American Rail Company
6153,,6140,USORF-ST,USCHI-RT,21,2024-02-22T10:00:00,2024-02-26T10:00:00,42R1,GENERAL,1250,American Rail Company
6154,,6140,USORF-ST,USCHI-RT,21,2024-02-22T10:00:00,2024-02-26T10:00:00,42R1,DANGEROUS,1450,American Rail Company
6155,,6140,USORF-ST,USCHI-RT,21,2024-02-22T10:00:00,2024-02-26T10:00:00,42P1,OUT_OF_GAUGE,2150,American Rail Company
6161,6160.0,6170,USCHI-RT,CAMTR-ST,23,2024-03-05T10:00:00,2024-03-10T10:00:00,22G1,GENERAL,1050,American Rail Company
6162,6160.0,6170,USCHI-RT,CAMTR-ST,23,2024-03-05T10:00:00,2024-03-10T10:00:00,22G1,DANGEROUS,1250,American Rail Company
6163,6160.0,6170,USCHI-RT,CAMTR-ST,23,2024-03-05T10:00:00,2024-03-10T10:00:00,42R1,GENERAL,1150,American Rail Company
6164,6160.0,6170,USCHI-RT,CAMTR-ST,23,2024-03-05T10:00:00,2024-03-10T10:00:00,42R1,DANGEROUS,1350,American Rail Company
6165,6160.0,6170,USCHI-RT,CAMTR-ST,23,2024-03-05T10:00:00,2024-03-10T10:00:00,42P1,OUT_OF_GAUGE,2050,American Rail Company
6171,,6160,USORF-ST,USCHI-RT,21,2024-02-29T10:00:00,2024-03-04T10:00:00,22G1,GENERAL,1150,American Rail Company
6172,,6160,USORF-ST,USCHI-RT,21,2024-02-29T10:00:00,2024-03-04T10:00:00,22G1,DANGEROUS,1350,American Rail Company
6173,,6160,USORF-ST,USCHI-RT,21,2024-02-29T10:00:00,2024-03-04T10:00:00,42R1,GENERAL,1250,American Rail Company
6174,,6160,USORF-ST,USCHI-RT,21,2024-02-29T10:00:00,2024-03-04T10:00:00,42R1,DANGEROUS,1450,American Rail Company
6175,,6160,USORF-ST,USCHI-RT,21,2024-02-29T10:00:00,2024-03-04T10:00:00,42P1,OUT_OF_GAUGE,2150,American Rail Company
6181,6180.0,6190,USCHI-RT,CAMTR-ST,23,2024-03-12T10:00:00,2024-03-17T10:00:00,22G1,GENERAL,1050,American Rail Company
6182,6180.0,6190,USCHI-RT,CAMTR-ST,23,2024-03-12T10:00:00,2024-03-17T10:00:00,22G1,DANGEROUS,1250,American Rail Company
6183,6180.0,6190,USCHI-RT,CAMTR-ST,23,2024-03-12T10:00:00,2024-03-17T10:00:00,42R1,GENERAL,1150,American Rail Company
6184,6180.0,6190,USCHI-RT,CAMTR-ST,23,2024-03-12T10:00:00,2024-03-17T10:00:00,42R1,DANGEROUS,1350,American Rail Company
6185,6180.0,6190,USCHI-RT,CAMTR-ST,23,2024-03-12T10:00:00,2024-03-17T10:00:00,42P1,OUT_OF_GAUGE,2050,American Rail Company
6191,,6180,USORF-ST,USCHI-RT,21,2024-03-07T10:00:00,2024-03-11T10:00:00,22G1,GENERAL,1150,American Rail Company
6192,,6180,USORF-ST,USCHI-RT,21,2024-03-07T10:00:00,2024-03-11T10:00:00,22G1,DANGEROUS,1350,American Rail Company
6193,,6180,USORF-ST,USCHI-RT,21,2024-03-07T10:00:00,2024-03-11T10:00:00,42R1,GENERAL,1250,American Rail Company
6194,,6180,USORF-ST,USCHI-RT,21,2024-03-07T10:00:00,2024-03-11T10:00:00,42R1,DANGEROUS,1450,American Rail Company
6195,,6180,USORF-ST,USCHI-RT,21,2024-03-07T10:00:00,2024-03-11T10:00:00,42P1,OUT_OF_GAUGE,2150,American Rail Company
6201,6200.0,6210,USCHI-RT,CAMTR-ST,23,2024-03-19T10:00:00,2024-03-24T10:00:00,22G1,GENERAL,1050,American Rail Company
6202,6200.0,6210,USCHI-RT,CAMTR-ST,23,2024-03-19T10:00:00,2024-03-24T10:00:00,22G1,DANGEROUS,1250,American Rail Company
6203,6200.0,6210,USCHI-RT,CAMTR-ST,23,2024-03-19T10:00:00,2024-03-24T10:00:00,42R1,GENERAL,1150,American Rail Company
6204,6200.0,6210,USCHI-RT,CAMTR-ST,23,2024-03-19T10:00:00,2024-03-24T10:00:00,42R1,DANGEROUS,1350,American Rail Company
6205,6200.0,6210,USCHI-RT,CAMTR-ST,23,2024-03-19T10:00:00,2024-03-24T10:00:00,42P1,OUT_OF_GAUGE,2050,American Rail Company
6211,,6200,USORF-ST,USCHI-RT,21,2024-03-14T10:00:00,2024-03-18T10:00:00,22G1,GENERAL,1150,American Rail Company
6212,,6200,USORF-ST,USCHI-RT,21,2024-03-14T10:00:00,2024-03-18T10:00:00,22G1,DANGEROUS,1350,American Rail Company
6213,,6200,USORF-ST,USCHI-RT,21,2024-03-14T10:00:00,2024-03-18T10:00:00,42R1,GENERAL,1250,American Rail Company
6214,,6200,USORF-ST,USCHI-RT,21,2024-03-14T10:00:00,2024-03-18T10:00:00,42R1,DANGEROUS,1450,American Rail Company
6215,,6200,USORF-ST,USCHI-RT,21,2024-03-14T10:00:00,2024-03-18T10:00:00,42P1,OUT_OF_GAUGE,2150,American Rail Company
6221,6220.0,6230,USCHI-RT,CAMTR-ST,23,2024-03-26T10:00:00,2024-03-31T10:00:00,22G1,GENERAL,1050,American Rail Company
6222,6220.0,6230,USCHI-RT,CAMTR-ST,23,2024-03-26T10:00:00,2024-03-31T10:00:00,22G1,DANGEROUS,1250,American Rail Company
6223,6220.0,6230,USCHI-RT,CAMTR-ST,23,2024-03-26T10:00:00,2024-03-31T10:00:00,42R1,GENERAL,1150,American Rail Company
6224,6220.0,6230,USCHI-RT,CAMTR-ST,23,2024-03-26T10:00:00,2024-03-31T10:00:00,42R1,DANGEROUS,1350,American Rail Company
6225,6220.0,6230,USCHI-RT,CAMTR-ST,23,2024-03-26T10:00:00,2024-03-31T10:00:00,42P1,OUT_OF_GAUGE,2050,American Rail Company
6231,,6220,USORF-ST,USCHI-RT,21,2024-03-21T10:00:00,2024-03-25T10:00:00,22G1,GENERAL,1150,American Rail Company
6232,,6220,USORF-ST,USCHI-RT,21,2024-03-21T10:00:00,2024-03-25T10:00:00,22G1,DANGEROUS,1350,American Rail Company
6233,,6220,USORF-ST,USCHI-RT,21,2024-03-21T10:00:00,2024-03-25T10:00:00,42R1,GENERAL,1250,American Rail Company
6234,,6220,USORF-ST,USCHI-RT,21,2024-03-21T10:00:00,2024-03-25T10:00:00,42R1,DANGEROUS,1450,American Rail Company
6235,,6220,USORF-ST,USCHI-RT,21,2024-03-21T10:00:00,2024-03-25T10:00:00,42P1,OUT_OF_GAUGE,2150,American Rail Company
6241,6240.0,6250,USCHI-RT,CAMTR-ST,23,2024-04-02T10:00:00,2024-04-07T10:00:00,22G1,GENERAL,1050,American Rail Company
6242,6240.0,6250,USCHI-RT,CAMTR-ST,23,2024-04-02T10:00:00,2024-04-07T10:00:00,22G1,DANGEROUS,1250,American Rail Company
6243,6240.0,6250,USCHI-RT,CAMTR-ST,23,2024-04-02T10:00:00,2024-04-07T10:00:00,42R1,GENERAL,1150,American Rail Company
6244,6240.0,6250,USCHI-RT,CAMTR-ST,23,2024-04-02T10:00:00,2024-04-07T10:00:00,42R1,DANGEROUS,1350,American Rail Company
6245,6240.0,6250,USCHI-RT,CAMTR-ST,23,2024-04-02T10:00:00,2024-04-07T10:00:00,42P1,OUT_OF_GAUGE,2050,American Rail Company
6251,,6240,USORF-ST,USCHI-RT,21,2024-03-28T10:00:00,2024-04-01T10:00:00,22G1,GENERAL,1150,American Rail Company
6252,,6240,USORF-ST,USCHI-RT,21,2024-03-28T10:00:00,2024-04-01T10:00:00,22G1,DANGEROUS,1350,American Rail Company
6253,,6240,USORF-ST,USCHI-RT,21,2024-03-28T10:00:00,2024-04-01T10:00:00,42R1,GENERAL,1250,American Rail Company
6254,,6240,USORF-ST,USCHI-RT,21,2024-03-28T10:00:00,2024-04-01T10:00:00,42R1,DANGEROUS,1450,American Rail Company
6255,,6240,USORF-ST,USCHI-RT,21,2024-03-28T10:00:00,2024-04-01T10:00:00,42P1,OUT_OF_GAUGE,2150,American Rail Company
6271,,6260,USORF-ST,USCHI-RT,21,2024-04-04T10:00:00,2024-04-08T10:00:00,22G1,GENERAL,1150,American Rail Company
6272,,6260,USORF-ST,USCHI-RT,21,2024-04-04T10:00:00,2024-04-08T10:00:00,22G1,DANGEROUS,1350,American Rail Company
6273,,6260,USORF-ST,USCHI-RT,21,2024-04-04T10:00:00,2024-04-08T10:00:00,42R1,GENERAL,1250,American Rail Company
6274,,6260,USORF-ST,USCHI-RT,21,2024-04-04T10:00:00,2024-04-08T10:00:00,42R1,DANGEROUS,1450,American Rail Company
6275,,6260,USORF-ST,USCHI-RT,21,2024-04-04T10:00:00,2024-04-08T10:00:00,42P1,OUT_OF_GAUGE,2150,American Rail Company
